	input	category	prediction
0	A cake was blessed by the wolf .	active_to_passive	cake ( 10 ) ; wolf ( 22 ) ; bless ( 33 ) ; theme ( 33 , 10 ) ; recipient ( 33 , 22 )
1	A melon was blessed by a boy .	active_to_passive	melon ( 7 ) ; boy ( 13 ) ; bless ( 18 ) AND theme ( 18 , 7 ) AND recipient ( 18 , 13 )
2	A cake was blessed by Nathan .	active_to_passive	cake ( 10 ) ; Nathan ( 21 ) ; bless ( 33 ) AND theme ( 33 , 10 ) AND agent ( 33 , 21 )
3	The bowl was blessed by a girl .	active_to_passive	* bowl ( 9 ) ; girl ( 14 ) ; bless ( 31 ) AND theme ( 31 , 9 ) AND recipient ( 31 , 14 )
4	The teacher believed that the toy was blessed by Mia .	active_to_passive	* teacher ( 15 ) ; * toy ( 26 ) ; * Mia ( 37 ) ; believe ( 8 ) AND recipient ( 8 , 15 ) AND theme ( 15 , 26 ) AND agent ( 26 , 37 ) AND bless ( 26 , 37 )
5	The radio was blessed .	active_to_passive	radio ( 11 ) ; bless ( 25 ) AND theme ( 25 , 11 )
6	A raisin was blessed by Sofia .	active_to_passive	raisin ( 2 ) ; Sofia ( 18 ) ; bless ( 11 ) AND theme ( 11 , 2 ) AND recipient ( 11 , 18 )
7	A pencil was blessed .	active_to_passive	pencil ( 9 ) ; bless ( 25 ) AND theme ( 25 , 9 )
8	A donut was blessed by a horse .	active_to_passive	donut ( 7 ) ; horse ( 18 ) ; bless ( 28 ) AND theme ( 28 , 7 ) AND agent ( 28 , 18 )
9	A rose was blessed .	active_to_passive	rose ( 26 ) ; bless ( 13 ) AND theme ( 13 , 26 )
10	Emma said that the drink was blessed by a girl .	active_to_passive	Emma ( 10 ) ; drink ( 19 ) ; girl ( 30 ) ; bless ( 24 ) AND theme ( 24 , 19 ) AND agent ( 24 , 30 ) AND say ( 4 ) AND theme ( 4 , 24 )
11	The needle was blessed .	active_to_passive	needle ( 24 ) ; bless ( 30 ) AND theme ( 30 , 24 )
12	The banana was blessed by the dog .	active_to_passive	banana ( 9 ) ; dog ( 26 ) ; bless ( 39 ) AND theme ( 39 , 9 ) AND agent ( 39 , 26 )
13	The cake was blessed by a cat .	active_to_passive	* cake ( 12 ) ; cat ( 19 ) ; bless ( 34 ) AND theme ( 34 , 12 ) AND agent ( 34 , 19 )
14	A shoe was blessed .	active_to_passive	shoe ( 11 ) ; bless ( 39 ) AND theme ( 39 , 11 )
15	The box was blessed by Benjamin .	active_to_passive	* box ( 7 ) ; Benjamin ( 19 ) ; bless ( 27 ) AND theme ( 27 , 7 ) AND agent ( 27 , 19 )
16	A melon was blessed by a goose .	active_to_passive	melon ( 11 ) ; goose ( 8 ) ; bless ( 23 ) AND theme ( 23 , 11 ) AND agent ( 23 , 8 )
17	Aria respected that the liver was blessed by Emma .	active_to_passive	Aria ( 20 ) ; liver ( 34 ) ; Emma ( 44 ) ; bless ( 32 ) AND theme ( 32 , 34 ) AND agent ( 32 , 44 ) AND respect ( 22 ) AND recipient ( 22 , 32 )
18	The cake was blessed by Emma .	active_to_passive	cake ( 8 ) ; Emma ( 16 ) ; bless ( 30 ) AND theme ( 30 , 8 ) AND agent ( 30 , 16 )
19	A rose was blessed by a boy .	active_to_passive	rose ( 11 ) ; boy ( 22 ) ; bless ( 33 ) AND theme ( 33 , 11 ) AND agent ( 33 , 22 )
20	Emma believed that a student liked that a chicken valued that the child proved that Jacob believed that a boy believed that a duck burned a cake .	cp_recursion	* Emma ( 1 ) ; * student ( 7 ) ; * chicken ( 15 ) ; * child ( 22 ) ; * Jacob ( 44 ) ; * boy ( 52 ) ; * duck ( 60 ) ; burn ( 59 ) AND theme ( 59 , 26 ) AND agent ( 59 , 60 ) AND believe ( 53 ) AND agent ( 53 , 44 ) AND theme ( 53 , 52 ) AND believe ( 48 ) AND agent ( 48 , 22 ) AND theme ( 48 , 15 ) AND like ( 4 ) AND agent ( 4 , 7 ) AND theme ( 4 , 15 ) AND value ( 12 )
21	A chicken believed that Ellie liked that Olivia expected that a boy admired that a cat valued that Emma appreciated that Liam hoped that Ava said that Isaac liked that a creature declared that the dog liked that a cake was fed to a girl .	cp_recursion	"chicken (6); Ellie (12); Olivia (20); boy (34); cat (43); Emma (51); Liam (59); Ava (67); Isaac (75); creature (89); dog (101); cake (122); girl (141)
believe (8) AND agent (8, 6) AND theme (8, 12) AND 
like (14) AND agent (14, 12) AND theme (14, 20) AND 
expect (28) AND agent (28, 20) AND theme (28, 34) AND 
admire (40) AND agent (40, 34) AND theme (40, 43) AND 
value (50) AND agent ("
22	The pig liked that Levi liked that the dog supported that Sophia wished that the girl imagined that the cat liked that the baby liked that Logan noticed that the president meant that Emma admired that a horse passed the donut on a carpet on a table to Olivia .	cp_recursion	* pig ( 5 ) ; * Levi ( 34 ) ; * dog ( 12 ) ; * Sophia ( 29 ) ; * girl ( 24 ) ; * cat ( 18 ) ; * baby ( 44 ) ; * Logan ( 39 ) ; president ( 9 ) ; * Emma ( 14 ) ; * horse ( 42 ) ; donut ( 49 ) ; carpet ( 51 ) ; table ( 53 ) ; * Olivia ( 55 ) ; like ( 8 ) AND agent ( 8 , 5 ) AND theme ( 8 , 34 ) AND like ( 10 ) AND agent ( 10 , 12 ) AND theme ( 10 , 29 ) AND
23	Henry said that a cat believed that Lucas noticed that the baby respected that a boy liked that Emma hoped that a child liked that Leah admired that a girl was fed a jar in the house by Noah .	cp_recursion	* Henry ( 11 ) ; cat ( 20 ) ; Lucas ( 14 ) ; baby ( 28 ) ; boy ( 39 ) ; Emma ( 45 ) ; child ( 58 ) ; Leah ( 68 ) ; girl ( 77 ) ; jar ( 87 ) ; house ( 92 ) ; Noah ( 97 ) ; say ( 3 ) AND agent ( 3 , 11 ) AND theme ( 3 , 20 ) AND believe ( 20 , 39 ) AND agent ( 20 , 39 ) AND theme ( 39 , 28 ) AND notice ( 28 , 14 ) AND agent ( 28 , 14 ) AND respect ( 28 , 58 )
24	The boy meant that the poet liked that a squirrel proved that William respected that a bird hoped that Hannah hoped that Liam liked that the cake changed .	cp_recursion	* boy ( 3 ) ; * poet ( 15 ) ; * squirrel ( 27 ) ; * William ( 39 ) ; * bird ( 53 ) ; * Hannah ( 65 ) ; * Liam ( 77 ) ; * cake ( 90 ) ; * change ( 104 ) ; mean ( 2 ) AND agent ( 2 , 3 ) AND theme ( 2 , 15 ) AND theme ( 15 , 27 ) AND agent ( 27 , 39 ) AND theme ( 39 , 53 ) AND agent ( 53 , 65 ) AND agent ( 65 , 77 ) AND theme ( 77 , 90 ) AND agent ( 90 , 104 )
25	Emma thought that Olivia noticed that James noticed that the duke liked that Mila meant that Natalie said that a teacher noticed that Noah hoped that Amelia proved that Audrey liked that a donut was painted by a student .	cp_recursion	* Emma ( 7 ) ; * Olivia ( 13 ) ; * James ( 19 ) ; * duke ( 30 ) ; * Mila ( 36 ) ; * Natalie ( 46 ) ; * teacher ( 62 ) ; * Noah ( 51 ) ; * Amelia ( 57 ) ; * Audrey ( 68 ) ; * donut ( 75 ) ; * student ( 81 ) ; think ( 3 ) AND agent ( 3 , 7 ) AND recipient ( 7 , 13 ) AND recipient ( 13 , 19 ) AND theme ( 19 , 30 ) AND theme ( 30 , 36 ) AND recipient ( 36 , 46 ) AND recipient ( 46
26	Emma liked that the lion liked that Abigail said that Sebastian liked that Matthew hoped that the donut burned .	cp_recursion	* Emma ( 2 ) ; * lion ( 12 ) ; * Abigail ( 22 ) ; * Sebastian ( 32 ) ; * Matthew ( 42 ) ; * donut ( 62 ) ; like ( 4 ) AND theme ( 4 , 12 ) AND recipient ( 12 , 8 ) AND like ( 14 ) AND theme ( 14 , 8 ) AND recipient ( 8 , 20 ) AND say ( 24 ) AND theme ( 24 , 20 ) AND agent ( 24 , 22 ) AND like ( 34 ) AND theme ( 34 , 22 ) AND recipient ( 22 , 30 ) AND hope ( 44 ) AND theme ( 44
27	A boy confessed that the professor imagined that Jacob liked that a girl liked that Liam respected that Ava wanted to sleep .	cp_recursion	* boy ( 3 ) ; * professor ( 9 ) ; * Jacob ( 16 ) ; * girl ( 25 ) ; * Liam ( 34 ) ; * Ava ( 43 ) ; confess ( 61 ) AND agent ( 61 , 3 ) AND imagine ( 47 ) AND agent ( 47 , 9 ) AND theme ( 47 , 16 ) AND like ( 55 ) AND agent ( 55 , 25 ) AND theme ( 55 , 16 ) AND respect ( 68 ) AND agent ( 68 , 34 ) AND theme ( 68 , 43 ) AND want ( 75 ) AND agent ( 75 , 43 ) AND theme ( 75 ,
28	Olivia admired that Sophia hoped that Noah expected that the rose was rolled by Emma .	cp_recursion	Olivia ( 3 ) ; Sophia ( 11 ) ; Noah ( 19 ) ; rose ( 31 ) ; Emma ( 41 ) ; roll ( 37 ) AND theme ( 37 , 31 ) AND agent ( 37 , 41 ) AND recipient ( 31 , 19 ) AND recipient ( 19 , 11 ) AND recipient ( 11 , 3 )
29	The scientist declared that William said that Daniel liked that the game was eaten by Aria .	cp_recursion	* scientist ( 18 ) ; William ( 22 ) ; Daniel ( 28 ) ; game ( 44 ) ; Aria ( 51 ) ; declare ( 13 ) AND agent ( 13 , 18 ) AND recipient ( 13 , 22 ) AND agent ( 22 , 28 ) AND theme ( 28 , 44 ) AND recipient ( 44 , 51 ) AND like ( 36 ) AND agent ( 36 , 28 ) AND theme ( 36 , 44 ) AND recipient ( 36 , 51 ) AND eat ( 46 ) AND theme ( 46 , 44 ) AND agent ( 46 , 51 )
30	Olivia admired that a girl liked that Ava said that a bee admired that the citizen noticed that William noticed that Noah hoped that Liam confessed that Emma hoped that Lucas appreciated that the tool froze .	cp_recursion	* Olivia ( 1 ) ; * girl ( 5 ) ; * Ava ( 9 ) ; * bee ( 13 ) ; * citizen ( 21 ) ; * William ( 25 ) ; * Noah ( 29 ) ; * Liam ( 35 ) ; * Emma ( 39 ) ; * Lucas ( 45 ) ; * tool ( 55 ) ; * freeze ( 64 ) ; admire ( 2 ) AND agent ( 2 , 1 ) AND theme ( 2 , 5 ) AND like ( 6 ) AND agent ( 6 , 5 ) AND recipient ( 6 , 9 ) AND say ( 10 ) AND agent ( 10 , 9 ) AND theme (
31	Elizabeth liked that the girl hoped that Liam thought that a mouse said that a teacher liked that Isabella liked that Emma floated .	cp_recursion	* Elizabeth ( 26 ) ; girl ( 10 ) ; Liam ( 14 ) ; mouse ( 22 ) ; teacher ( 30 ) ; Isabella ( 34 ) ; Emma ( 40 ) ; like ( 2 ) AND agent ( 2 , 26 ) AND theme ( 2 , 10 ) AND theme ( 10 , 14 ) AND theme ( 14 , 22 ) AND recipient ( 22 , 30 ) AND theme ( 30 , 34 ) AND theme ( 34 , 40 )
32	A dog confessed that a child said that James said that Victoria hoped that the goose expected that the guard declared that the puppy valued that Benjamin valued that Liam said that the boy believed that a girl noticed that Olivia changed Emma .	cp_recursion	* dog ( 3 ) ; * child ( 7 ) ; * James ( 13 ) ; * Victoria ( 27 ) ; * goose ( 71 ) ; * guard ( 75 ) ; * puppy ( 79 ) ; * Benjamin ( 85 ) ; * Liam ( 95 ) ; * boy ( 107 ) ; * girl ( 127 ) ; * Olivia ( 135 ) ; * Emma ( 143 ) ; confess ( 2 ) AND theme ( 2 , 3 ) AND recipient ( 3 , 7 ) AND say ( 6 ) AND agent ( 6 , 7 ) AND say ( 12 ) AND agent ( 12 , 13 ) AND hope ( 26 )
33	Emma believed that the citizen wished that the chicken thought that a girl liked that a butterfly rolled .	cp_recursion	* Emma ( 10 ) ; * citizen ( 28 ) ; * chicken ( 42 ) ; * girl ( 54 ) ; * butterfly ( 64 ) ; believe ( 4 ) AND agent ( 4 , 10 ) AND theme ( 4 , 28 ) AND believe ( 17 ) AND agent ( 17 , 28 ) AND theme ( 17 , 42 ) AND think ( 34 ) AND agent ( 34 , 42 ) AND theme ( 34 , 54 ) AND roll ( 59 ) AND agent ( 59 , 54 ) AND theme ( 59 , 64 )
34	A cat liked that Luna hoped that Emma liked that Olivia liked that Liam appreciated that the bear floated .	cp_recursion	cat ( 3 ) ; Luna ( 6 ) ; Emma ( 12 ) ; Olivia ( 18 ) ; Liam ( 26 ) ; bear ( 42 ) ; float ( 39 ) AND recipient ( 39 , 42 ) AND agent ( 39 , 26 ) AND theme ( 39 , 3 ) AND recipient ( 33 , 18 ) AND theme ( 33 , 12 ) AND recipient ( 27 , 6 ) AND theme ( 27 , 33 ) AND recipient ( 21 , 3 ) AND theme ( 21 , 27 ) AND recipient ( 15 , 3 ) AND theme ( 15 , 21 )
35	The judge liked that Emma declared that a patient said that Isabella believed that Liam hoped that Olivia liked that the child liked that a girl hoped that Oliver liked that the king was given a cake .	cp_recursion	* judge ( 10 ) ; * Emma ( 4 ) ; * patient ( 27 ) ; * Isabella ( 37 ) ; * Liam ( 46 ) ; * Olivia ( 52 ) ; * child ( 65 ) ; * girl ( 72 ) ; * Oliver ( 80 ) ; * king ( 93 ) ; * cake ( 96 ) ; like ( 16 ) AND theme ( 16 , 4 ) AND agent ( 16 , 10 ) AND declare ( 25 ) AND theme ( 25 , 27 ) AND agent ( 25 , 4 ) AND believe ( 34 ) AND theme ( 34 , 37 ) AND agent ( 34 , 27 ) AND
36	The fly confessed that the cat admired that the customer wished that a priest believed that the baby liked that the bottle was given to a horse by the father .	cp_recursion	* fly ( 2 ) ; * cat ( 12 ) ; * customer ( 26 ) ; * priest ( 47 ) ; * baby ( 82 ) ; * bottle ( 91 ) ; * horse ( 98 ) ; * father ( 108 ) ; confess ( 1 ) AND agent ( 1 , 2 ) AND admire ( 11 ) AND agent ( 11 , 12 ) AND wish ( 25 ) AND agent ( 25 , 26 ) AND believe ( 46 ) AND agent ( 46 , 47 ) AND like ( 81 ) AND agent ( 81 , 82 ) AND give ( 90 ) AND agent ( 90 , 108 ) AND recipient ( 90
37	The bear admired that a bird liked that Emma liked that the child proved that Liam liked that Isabella liked that the dog said that Avery hoped that Leah proved that the boy liked that the girl tolerated that a cake froze .	cp_recursion	* bear ( 4 ) ; * bird ( 27 ) ; * Emma ( 10 ) ; * child ( 22 ) ; * Liam ( 15 ) ; * Isabella ( 18 ) ; * dog ( 25 ) ; * Avery ( 30 ) ; * Leah ( 34 ) ; * boy ( 37 ) ; * girl ( 42 ) ; * cake ( 47 ) ; admire ( 3 ) AND theme ( 3 , 27 ) AND agent ( 3 , 4 ) AND like ( 7 ) AND theme ( 7 , 27 ) AND recipient ( 7 , 10 ) AND like ( 13 ) AND theme ( 13 , 10 ) AND recipient (
38	Emma liked that Ella liked that Liam respected that Oliver noticed that a girl imagined that Bella meant that Ava said that a hero was awarded the cake on the truck in the crib in the room .	cp_recursion	* Emma ( 3 ) ; * Ella ( 9 ) ; * Liam ( 15 ) ; * Oliver ( 21 ) ; * girl ( 27 ) ; * Bella ( 33 ) ; * Ava ( 39 ) ; * hero ( 45 ) ; cake ( 57 ) ; truck ( 61 ) ; crib ( 65 ) ; room ( 69 ) ; like ( 6 ) AND theme ( 6 , 9 ) AND like ( 12 ) AND theme ( 12 , 15 ) AND respect ( 18 ) AND theme ( 18 , 21 ) AND notice ( 24 ) AND theme ( 24 , 27 ) AND imagine ( 30 ) AND theme ( 30
39	Levi liked that Emma declared that the girl wished that a lawyer liked that the turtle imagined that a monkey liked that Charlotte ate .	cp_recursion	* Levi ( 1 ) ; * Emma ( 4 ) ; * girl ( 17 ) ; * lawyer ( 28 ) ; * turtle ( 33 ) ; * monkey ( 38 ) ; * Charlotte ( 44 ) ; like ( 8 ) AND agent ( 8 , 1 ) AND theme ( 8 , 4 ) AND declare ( 10 ) AND agent ( 10 , 4 ) AND recipient ( 10 , 17 ) AND wish ( 14 ) AND agent ( 14 , 17 ) AND recipient ( 14 , 28 ) AND like ( 24 ) AND agent ( 24 , 28 ) AND recipient ( 24 , 33 ) AND imagine ( 30 )
40	Noah teleported a lollipop beside the box to a girl .	do_dative_to_pp_dative	Noah ( 1 ) ; lollipop ( 18 ) ; box ( 14 ) ; girl ( 26 ) ; teleport ( 7 ) AND agent ( 7 , 1 ) AND theme ( 7 , 18 ) AND recipient ( 7 , 26 ) AND location ( 7 , 14 )
41	The girl teleported the donut in the house to the cat .	do_dative_to_pp_dative	* girl ( 4 ) ; * donut in the house ( 12 ) ; * cat ( 22 ) ; teleport ( 33 ) AND agent ( 33 , 4 ) AND theme ( 33 , 12 ) AND recipient ( 33 , 22 )
42	Emma teleported a cake to a dog .	do_dative_to_pp_dative	* Emma ( 21 ) ; cake ( 28 ) ; dog ( 38 ) ; teleport ( 49 ) AND agent ( 49 , 21 ) AND theme ( 49 , 28 ) AND recipient ( 49 , 38 )
43	Olivia teleported a mandarin to the cat .	do_dative_to_pp_dative	Olivia ( 25 ) ; mandarin ( 38 ) ; cat ( 45 ) ; teleport ( 12 ) AND agent ( 12 , 25 ) AND theme ( 12 , 38 ) AND recipient ( 12 , 45 )
44	The cat teleported a crown on a table to Emma .	do_dative_to_pp_dative	*cat ( 4 ) ; *crown ( 14 ) ; *table ( 24 ) ; Emma ( 46 ) ; teleport ( 36 ) AND agent ( 36 , 4 ) AND theme ( 36 , 14 ) AND recipient ( 36 , 24 ) AND recipient ( 36 , 46 )
45	The child teleported the glue on a tree to Olivia .	do_dative_to_pp_dative	* child ( 4 ) ; glue ( 16 ) ; tree ( 22 ) ; Olivia ( 32 ) ; teleport ( 11 ) AND agent ( 11 , 4 ) AND theme ( 11 , 16 ) AND recipient ( 11 , 32 ) AND location ( 11 , 22 )
46	Joshua teleported the cookie beside the box to a girl .	do_dative_to_pp_dative	* Joshua ( 17 ) ; cookie ( 27 ) ; box ( 37 ) ; girl ( 47 ) ; teleport ( 22 ) AND agent ( 22 , 17 ) AND theme ( 22 , 27 ) AND recipient ( 22 , 47 ) AND beside ( 27 , 37 )
47	A monkey teleported the cake to Ava .	do_dative_to_pp_dative	* monkey ( 5 ) ; cake ( 11 ) ; Ava ( 22 ) ; teleport ( 17 ) AND agent ( 17 , 5 ) AND theme ( 17 , 11 ) AND recipient ( 17 , 22 )
48	The dog teleported a cookie on a table to Harper .	do_dative_to_pp_dative	* dog ( 4 ) ; * cookie ( 14 ) ; * table ( 23 ) ; Harper ( 34 ) ; teleport ( 50 ) AND agent ( 50 , 4 ) AND theme ( 50 , 14 ) AND recipient ( 50 , 23 ) AND recipient ( 50 , 34 )
49	Liam teleported the cookie in a car to a boy .	do_dative_to_pp_dative	* Liam ( 28 ) ; * cookie ( 12 ) ; * car ( 37 ) ; * boy ( 47 ) ; teleport ( 25 ) AND agent ( 25 , 28 ) AND theme ( 25 , 12 ) AND recipient ( 25 , 37 ) AND recipient ( 25 , 47 )
50	Liam teleported the box beside the stage to a tourist .	do_dative_to_pp_dative	* Liam ( 7 ) ; box ( 18 ) ; stage ( 34 ) ; tourist ( 43 ) ; teleport ( 28 ) AND agent ( 28 , 7 ) AND theme ( 28 , 18 ) AND recipient ( 28 , 43 ) AND beside ( 18 , 34 )
51	Sophia teleported the cake on a table to a girl .	do_dative_to_pp_dative	Sophia ( 5 ) ; cake ( 23 ) ; table ( 32 ) ; girl ( 45 ) ; teleport ( 17 ) AND agent ( 17 , 5 ) AND theme ( 17 , 23 ) AND recipient ( 17 , 45 ) AND theme ( 17 , 32 )
52	Julian teleported the cookie beside the table to a girl .	do_dative_to_pp_dative	* Julian ( 24 ) ; * cookie ( 28 ) ; table ( 36 ) ; girl ( 44 ) ; teleport ( 19 ) AND agent ( 19 , 24 ) AND theme ( 19 , 28 ) AND recipient ( 19 , 44 ) AND theme ( 19 , 36 )
53	Emma teleported the potato beside the stool to the girl .	do_dative_to_pp_dative	"Emma ( 10 ) ; potato ( 22 ) ; stool ( 32 ) ; girl ( 38 ) ;
teleport ( 18 ) AND agent ( 18 , 10 ) AND theme ( 18 , 22 ) AND recipient ( 18 , 38 ) ;
beside ( 26 ) AND theme ( 26 , 22 ) AND recipient ( 26 , 32 )"
54	The lawyer hoped that the tourist believed that Ava teleported the cake beside the table to the girl .	do_dative_to_pp_dative	* lawyer ( 4 ) ; * tourist ( 13 ) ; Ava ( 9 ) ; cake ( 36 ) ; table ( 48 ) ; * girl ( 51 ) ; teleport ( 26 ) AND agent ( 26 , 9 ) AND theme ( 26 , 36 ) AND recipient ( 26 , 48 ) AND recipient ( 38 , 9 ) AND theme ( 38 , 36 ) AND recipient ( 47 , 38 ) AND belief ( 16 , 13 , 38 ) AND hope ( 5 , 13 ) AND belief ( 16 , 4 , 16 )
55	Emma teleported the donut to Benjamin .	do_dative_to_pp_dative	Emma ( 8 ) ; donut ( 23 ) ; Benjamin ( 34 ) ; teleport ( 16 ) AND agent ( 16 , 8 ) AND theme ( 16 , 23 ) AND recipient ( 16 , 34 )
56	Luna teleported a cake to Sophia .	do_dative_to_pp_dative	Luna ( 4 ) ; cake ( 8 ) ; Sophia ( 12 ) ; teleport ( 17 ) AND agent ( 17 , 4 ) AND theme ( 17 , 8 ) AND recipient ( 17 , 12 )
57	The boy teleported a newspaper beside a road to the mouse .	do_dative_to_pp_dative	* boy ( 4 ) ; newspaper ( 24 ) ; road ( 33 ) ; * mouse ( 43 ) ; teleport ( 14 ) AND agent ( 14 , 4 ) AND theme ( 14 , 24 ) AND recipient ( 14 , 43 ) AND beside ( 24 , 33 )
58	Emma teleported the cake in a room to the boy .	do_dative_to_pp_dative	Emma ( 12 ) ; * cake ( 35 ) ; * room ( 41 ) ; * boy ( 48 ) ; teleport ( 27 ) AND agent ( 27 , 12 ) AND theme ( 27 , 35 ) AND recipient ( 27 , 48 ) AND theme ( 27 , 41 )
59	Liam teleported the raisin to a baby .	do_dative_to_pp_dative	Liam ( 31 ) ; raisin ( 14 ) ; baby ( 22 ) ; teleport ( 43 ) AND agent ( 43 , 31 ) AND theme ( 43 , 14 ) AND recipient ( 43, 22 )
60	A cat baked a girl on the desk .	obj_omitted_transitive_to_transitive	* cat ( 2 ) ; * girl ( 10 ) ; bake ( 26 ) AND agent ( 26 , 2 ) AND theme ( 26 , 10 ) AND recipient ( 26 , 32 ) AND desk ( 32 )
61	Natalie respected that the girl baked the box .	obj_omitted_transitive_to_transitive	Natalie ( 60 ) ; girl ( 27 ) ; box ( 34 ) ; bake ( 53 ) AND agent ( 53 , 27 ) AND theme ( 53 , 34 ) AND respect ( 18 ) AND agent ( 18 , 60 ) AND recipient ( 18 , 27 )
62	Emma baked the cookie .	obj_omitted_transitive_to_transitive	Emma ( 8 ) ; * cookie ( 18 ) ; bake ( 33 ) AND agent ( 33 , 8 ) AND theme ( 33 , 18 )
63	A sailor baked a cake .	obj_omitted_transitive_to_transitive	* sailor ( 15 ) ; cake ( 25 ) ; bake ( 31 ) AND agent ( 31 , 15 ) AND theme ( 31 , 25 )
64	Jackson baked Jayden .	obj_omitted_transitive_to_transitive	Jackson ( 21 ) ; Jayden ( 27 ) ; bake ( 34 ) AND agent ( 34 , 21 ) AND theme ( 34 , 27 )
65	Liam baked a girl on a table .	obj_omitted_transitive_to_transitive	Liam ( 14 ) ; * girl ( 22 ) ; * table ( 30 ) ; bake ( 42 ) AND agent ( 42 , 14 ) AND theme ( 42 , 22 ) AND recipient ( 42 , 30 )
66	Emma baked Christopher .	obj_omitted_transitive_to_transitive	Emma ( 12 ) ; Christopher ( 23 ) ; bake ( 34 ) AND agent ( 34 , 12 ) AND theme ( 34 , 23 )
67	The cat baked the frog on the table .	obj_omitted_transitive_to_transitive	* cat ( 17 ) ; * frog ( 23 ) ; table ( 32 ) ; bake ( 42 ) AND agent ( 42 , 17 ) AND theme ( 42 , 23 ) AND recipient ( 42 , 32 )
68	Emma baked the drink beside the stool .	obj_omitted_transitive_to_transitive	Emma ( 18 ) ; drink ( 25 ) ; stool ( 31 ) ; bake ( 42 ) AND agent ( 42 , 18 ) AND theme ( 42 , 25 ) AND location ( 42 , 31 )
69	Emma baked Hannah .	obj_omitted_transitive_to_transitive	Emma ( 18 ) ; Hannah ( 24 ) ; bake ( 31 ) AND agent ( 31 , 18 ) AND recipient ( 31 , 24 )
70	Olivia baked the tool beside the table .	obj_omitted_transitive_to_transitive	Olivia ( 42 ) ; tool ( 15 ) ; table ( 33 ) ; bake ( 56 ) AND agent ( 56 , 42 ) AND theme ( 56 , 15 ) AND recipient ( 56 , 33 , beside )
71	A girl baked the boy in the trap .	obj_omitted_transitive_to_transitive	* girl ( 10 ) ; * boy ( 20 ) ; trap ( 32 ) ; bake ( 24 ) AND agent ( 24 , 10 ) AND theme ( 24 , 20 ) AND recipient ( 24 , 32 )
72	A girl liked that the patient baked a donut on a windowsill .	obj_omitted_transitive_to_transitive	* girl ( 6 ) ; * patient ( 24 ) ; donut ( 37 ) ; windowsill ( 45 ) ; like ( 15 ) AND agent ( 15 , 6 ) AND recipient ( 15 , 24 ) AND theme ( 37 , 24 ) AND location ( 37 , 45 ) AND bake ( 28 ) AND theme ( 28 , 37 ) AND agent ( 28 , 24 )
73	Benjamin hoped that a teacher baked the boy .	obj_omitted_transitive_to_transitive	Benjamin ( 12 ) ; teacher ( 27 ) ; boy ( 20 ) ; bake ( 40 ) AND theme ( 40 , 20 ) AND agent ( 40 , 27 ) AND hope ( 15 ) AND recipient ( 15 , 27 ) AND theme ( 15 , 40 ) AND agent ( 15 , 12 )
74	Aiden baked Liam .	obj_omitted_transitive_to_transitive	Aiden ( 31 ) ; Liam ( 32 ) ; bake ( 22 ) AND agent ( 22 , 31 ) AND theme ( 22 , 32 )
75	The frog baked a cake .	obj_omitted_transitive_to_transitive	* frog ( 18 ) ; cake ( 26 ) ; bake ( 33 ) AND agent ( 33 , 18 ) AND theme ( 33 , 26 )
76	Emma baked the donut beside a table .	obj_omitted_transitive_to_transitive	Emma ( 7 ) ; donut ( 16 ) ; table ( 24 ) ; bake ( 29 ) AND agent ( 29 , 7 ) AND theme ( 29 , 16 ) AND recipient ( 29 , 24 )
77	Carter baked Emma .	obj_omitted_transitive_to_transitive	Carter ( 13 ) ; Emma ( 23 ) ; bake ( 29 ) AND recipient ( 29 , 23 ) AND agent ( 29 , 13 )
78	The president baked a cake in a vehicle .	obj_omitted_transitive_to_transitive	* president ( 4 ) ; cake ( 10 ) ; vehicle ( 22 ) ; bake ( 28 ) AND agent ( 28 , 4 ) AND theme ( 28 , 10 ) AND recipient ( 28 , 22 )
79	The spokesman baked a pig .	obj_omitted_transitive_to_transitive	* spokesman ( 22 ) ; pig ( 29 ) ; bake ( 44 ) AND agent ( 44 , 22 ) AND theme ( 44 , 29 )
80	A strawberry beside a machine was thrown by a lion on a box .	obj_pp_to_subj_pp	strawberry ( 12 ) ; machine ( 23 ) ; lion ( 36 ) ; box ( 42 ) ; throw ( 46 ) AND theme ( 46 , 12 ) AND agent ( 46 , 36 ) AND loc ( 12 , 23 ) AND loc ( 46 , 42 )
81	The boy on a towel gave the frog the cake on a booklet .	obj_pp_to_subj_pp	* boy ( 5 ) ; * towel ( 7 ) ; * frog ( 23 ) ; * cake ( 30 ) ; * booklet ( 36 ) ; give ( 12 ) AND agent ( 12 , 5 ) AND recipient ( 12 , 23 ) AND theme ( 12 , 30 ) AND source ( 5 , 7 ) AND location ( 23 , 36 )
82	The bird in a box was awarded a ball by the girl beside the machine .	obj_pp_to_subj_pp	* bird in box ( 12 ) ; * girl beside machine ( 35 ) ; * ball ( 42 ) ; award ( 24 ) AND theme ( 24 , 12 ) AND recipient ( 24 , 42 ) AND agent ( 24 , 35 )
83	A producer on a table was given the pumpkin beside a cabinet .	obj_pp_to_subj_pp	producer ( 9 ) ; table ( 16 ) ; pumpkin ( 36 ) ; cabinet ( 43 ) ; give ( 23 ) AND theme ( 23 , 36 ) AND recipient ( 23 , 9 ) AND location ( 9 , 16 ) AND location ( 36 , 43 )
84	The friend in a house beside a stage needed to sneeze .	obj_pp_to_subj_pp	* friend ( 4 ) ; house ( 12 ) ; stage ( 20 ) ; sneeze ( 30 ) ; need ( 24 ) AND agent ( 24 , 4 ) AND recipient ( 24 , 12 ) AND recipient ( 24 , 20 ) AND theme ( 30 )
85	The cake on the bed was rolled by the girl in a tin .	obj_pp_to_subj_pp	* cake on bed ( 13 ) ; girl ( 23 ) ; tin ( 34 ) ; roll ( 41 ) AND theme ( 41 , 13 ) AND agent ( 41 , 23 ) AND recipient ( 41 , 34 )
86	The boy in a bush liked Ryan .	obj_pp_to_subj_pp	* boy ( 21 ) ; * bush ( 27 ) ; Ryan ( 36 ) ; like ( 49 ) AND agent ( 49 , 21 ) AND recipient ( 49 , 36 )
87	The basket on the keyboard was eaten .	obj_pp_to_subj_pp	* basket ( 11 ) ; * keyboard ( 22 ) ; eat ( 43 ) AND theme ( 43 , 11 ) AND agent ( 43 )
88	The chief beside the skull rolled Grace .	obj_pp_to_subj_pp	* chief ( 16 ) ; skull ( 26 ) ; Grace ( 31 ) ; roll ( 42 ) AND theme ( 42 , 31 ) AND agent ( 42 , 16 ) AND recipient ( 42 , 26 )
89	The duck beside a table was served the flag .	obj_pp_to_subj_pp	* duck ( 10 ) ; * table ( 20 ) ; flag ( 26 ) ; serve ( 16 ) AND agent ( 16 , 10 ) AND recipient ( 16 , 20 ) AND theme ( 16 , 26 )
90	The moose on the computer liked James .	obj_pp_to_subj_pp	* moose ( 7 ) ; * computer ( 9 ) ; James ( 17 ) ; like ( 28 ) AND agent ( 28 , 7 ) AND recipient ( 28 , 17 )
91	The boy beside a yacht cleaned .	obj_pp_to_subj_pp	* boy ( 10 ) ; * yacht ( 25 ) ; clean ( 40 ) AND agent ( 40 , 10 ) AND recipient ( 40 , 25 )
92	A cat on the computer noticed that the teacher beside the book valued the boy .	obj_pp_to_subj_pp	* cat ( 12 ) ; * computer ( 15 ) ; * teacher ( 32 ) ; * book ( 35 ) ; * boy ( 44 ) ; notice ( 22 ) AND agent ( 22 , 12 ) AND recipient ( 22 , 44 ) AND theme ( 22 , 32 ) AND theme ( 22 , 35 ) AND value ( 48 ) AND agent ( 48 , 32 ) AND theme ( 48 , 44 )
93	The cake on a bed was rolled .	obj_pp_to_subj_pp	* cake ( 26 ) ; * bed ( 34 ) ; roll ( 47 ) AND theme ( 47 , 26 ) AND recipient ( 47 , 34 )
94	The cookie beside a bed was disintegrated by a father in the cupboard .	obj_pp_to_subj_pp	* cookie ( 18 ) ; * bed ( 26 ) ; father ( 44 ) ; cupboard ( 53 ) ; disintegrate ( 35 ) AND theme ( 35 , 18 ) AND recipient ( 35 , 26 ) AND agent ( 35 , 44 )
95	A rose beside a table was eaten by a king in the house .	obj_pp_to_subj_pp	rose ( 10 ) ; table ( 22 ) ; king ( 34 ) ; house ( 44 ) ; eat ( 57 ) AND theme ( 57 , 10 ) AND recipient ( 57 , 34 ) AND location ( 57 , 44 )
96	The cake in the room was seen .	obj_pp_to_subj_pp	* cake ( 23 ) ; * room ( 10 ) ; see ( 31 ) AND theme ( 31 , 23 ) AND recipient ( 31 , 10 )
97	A girl in the house forwarded Victoria a gumball in the shoe .	obj_pp_to_subj_pp	* girl ( 3 ) ; * Victoria ( 11 ) ; * gumball ( 27 ) ; * shoe ( 35 ) ; forward ( 17 ) AND agent ( 17 , 3 ) AND recipient ( 17 , 11 ) AND theme ( 17 , 27 ) AND recipient ( 17 , 35 )
98	The raisin beside the table was valued by a bear beside a stage .	obj_pp_to_subj_pp	* raisin ( 10 ) ; * bear ( 27 ) ; * table ( 23 ) ; * stage ( 36 ) ; value ( 42 ) AND theme ( 42 , 10 ) AND agent ( 42 , 27 ) AND recipient ( 42 , 23 ) AND recipient ( 42 , 36 )
99	A horse in the house was given the hammer beside a bed .	obj_pp_to_subj_pp	* horse in house ( 38 ) ; hammer ( 46 ) ; bed ( 42 ) ; give ( 22 ) AND theme ( 22 , 38 ) AND recipient ( 22 , 46 ) AND agent ( 22 , 38 ) AND location ( 38 , 42 )
100	A cockroach cleaned the cookie on a sock .	obj_to_subj_common	* cockroach ( 18 ) ; * cookie ( 30 ) ; * sock ( 38 ) ; clean ( 48 ) AND agent ( 48 , 18 ) AND theme ( 48 , 30 ) AND recipient ( 48 , 38 )
101	The cockroach slid a guest .	obj_to_subj_common	* cockroach ( 47 ) ; * guest ( 22 ) ; slide ( 37 ) AND agent ( 37 , 47 ) AND theme ( 37 , 22 )
102	The cockroach lended the girl the cake .	obj_to_subj_common	* cockroach ( 45 ) ; * girl ( 20 ) ; cake ( 30 ) ; lend ( 52 ) AND agent ( 52 , 45 ) AND recipient ( 52 , 20 ) AND theme ( 52 , 30 )
103	A cockroach burned the sandwich .	obj_to_subj_common	* cockroach ( 27 ) ; * sandwich ( 39 ) ; burn ( 43 ) AND agent ( 43 , 27 ) AND theme ( 43 , 39 )
104	The cockroach lended the child a cake .	obj_to_subj_common	* cockroach ( 22 ) ; * child ( 35 ) ; cake ( 47 ) ; lend ( 10 ) AND agent ( 10 , 22 ) AND recipient ( 10 , 35 ) AND theme ( 10 , 47 )
105	The cockroach split Isabella .	obj_to_subj_common	* Isabella ( 47 ) ; cockroach ( 8 ) ; split ( 27 ) AND agent ( 27 , 8 ) AND recipient ( 27 , 47 )
106	A cockroach fed the girl the cake .	obj_to_subj_common	* cockroach ( 31 ) ; * girl ( 22 ) ; cake ( 15 ) ; feed ( 43 ) AND agent ( 43 , 31 ) AND theme ( 43 , 15 ) AND recipient ( 43 , 22 )
107	William hoped that a cockroach ate .	obj_to_subj_common	cockroach ( 27 ) ; eat ( 37 ) ; William ( 17 ) ; hope ( 46 ) AND recipient ( 46 , 27 ) AND agent ( 37 , 27 ) AND theme ( 46 , 37 )
108	A cockroach observed .	obj_to_subj_common	cockroach ( 31 ) ; observe ( 46 )
109	The cockroach passed a judge the donut on the stage .	obj_to_subj_common	* cockroach ( 17 ) ; * judge ( 29 ) ; * donut ( 40 ) ; * stage ( 43 ) ; pass ( 10 ) AND agent ( 10 , 17 ) AND theme ( 10 , 40 ) AND recipient ( 10 , 29 ) AND location ( 10 , 43 )
110	A girl hoped that the cockroach gave a cake beside the bed to a cat .	obj_to_subj_common	girl ( 2 ) ; cockroach ( 15 ) ; cake ( 32 ) ; bed ( 40 ) ; cat ( 53 ) ; give ( 23 ) AND agent ( 23 , 15 ) AND theme ( 23 , 32 ) AND recipient ( 23 , 53 ) AND beside ( 40 , 32 ) AND to ( 23 , 40 ) AND hope ( 5 ) AND that ( 5 , 23 )
111	A cockroach liked the cake .	obj_to_subj_common	* cockroach ( 15 ) ; cake ( 27 ) ; like ( 37 ) AND agent ( 37 , 15 ) AND theme ( 37 , 27 )
112	The cockroach lended Charlotte the cookie .	obj_to_subj_common	* cockroach ( 4 ) ; Charlotte ( 13 ) ; cookie ( 18 ) ; lend ( 27 ) AND agent ( 27 , 4 ) AND recipient ( 27 , 13 ) AND theme ( 27 , 18 )
113	The cockroach passed Emma a cake .	obj_to_subj_common	* cockroach ( 28 ) ; Emma ( 34 ) ; cake ( 40 ) ; pass ( 22 ) AND agent ( 22 , 28 ) AND theme ( 22 , 40 ) AND recipient ( 22 , 34 )
114	The cockroach studied .	obj_to_subj_common	cockroach ( 29 ) ; study ( 49 )
115	A cockroach painted Lucas .	obj_to_subj_common	cockroach (17) ; Lucas (27) ; paint (23) AND recipient (23, 27) AND agent (23, 17)
116	Nora said that the cockroach painted the box on a table .	obj_to_subj_common	* Nora ( 12 ) ; cockroach ( 26 ) ; box ( 35 ) ; table ( 41 ) ; paint ( 20 ) AND agent ( 20 , 26 ) AND theme ( 20 , 35 ) AND recipient ( 20 , 41 ) AND say ( 3 ) AND agent ( 3 , 12 ) AND quote ( 3 , 20 )
117	Emma liked that the cockroach ate .	obj_to_subj_common	Emma ( 6 ) ; cockroach ( 28 ) ; like ( 17 ) AND agent ( 17 , 6 ) AND theme ( 28 , 50 ) AND recipient ( 17 , 28 )
118	A cockroach liked a strawberry on the mattress .	obj_to_subj_common	*cockroach ( 2 ) ; *strawberry ( 10 ) ; *mattress ( 20 ) ; like ( 36 ) AND theme ( 36 , 10 ) AND recipient ( 36 , 2 ) AND on ( 10 , 20 )
119	The girl said that the cockroach dreamed to read .	obj_to_subj_common	* girl ( 4 ) ; * cockroach ( 15 ) ; say ( 8 ) AND agent ( 8 , 4 ) AND theme ( 8 , 15 ) AND dream ( 19 ) AND theme ( 19 , 15 ) AND read ( 26 ) AND recipient ( 26 , 15 )
120	Charlie offered a flag beside a trophy to Liam .	obj_to_subj_proper	Charlie ( 7 ) ; flag ( 13 ) ; trophy ( 19 ) ; Liam ( 29 ) ; offer ( 23 ) AND agent ( 23 , 7 ) AND theme ( 23 , 13 ) AND recipient ( 23 , 19 ) AND recipient ( 23 , 29 )
121	Charlie studied a shell in the house .	obj_to_subj_proper	Charlie ( 1 ) ; shell ( 12 ) ; study ( 24 ) AND agent ( 24 , 1 ) AND theme ( 24 , 12 ) AND recipient ( 24 , * house ( 7 ) )
122	Charlie rolled the doll .	obj_to_subj_proper	Charlie ( 15 ) ; * doll ( 28 ) ; roll ( 42 ) AND agent ( 42 , 15 ) AND theme ( 42 , 28 )
123	Charlie helped a donut on the table .	obj_to_subj_proper	Charlie ( 42 ) ; donut ( 24 ) ; table ( 33 ) ; help ( 18 ) AND agent ( 18 , 42 ) AND theme ( 18 , 24 ) AND recipient ( 18 , 33 )
124	Charlie ate the cookie on a table .	obj_to_subj_proper	* Charlie ( 8 ) ; cookie ( 15 ) ; table ( 26 ) ; eat ( 37 ) AND agent ( 37 , 8 ) AND theme ( 37 , 15 ) AND recipient ( 37 , 26 )
125	Charlie gave the cake on a seat to the girl .	obj_to_subj_proper	* Charlie ( 12 ) ; cake ( 20 ) ; seat ( 30 ) ; girl ( 38 ) ; give ( 42 ) AND agent ( 42 , 12 ) AND theme ( 42 , 20 ) AND recipient ( 42 , 38 ) AND on ( 20 , 30 )
126	Charlie inflated Lily .	obj_to_subj_proper	Charlie ( 33 ) ; Lily ( 38 ) ; inflate ( 21 ) AND recipient ( 21 , 38 ) AND agent ( 21 , 33 )
127	Charlie gave a cookie to a girl .	obj_to_subj_proper	*Charlie ( 1 ) ; cookie ( 18 ) ; girl ( 21 ) ; give ( 9 ) AND theme ( 9 , 18 ) AND recipient ( 9 , 21 ) AND agent ( 9 , 1 )
128	Charlie ate the girl on a stage .	obj_to_subj_proper	* Charlie ( 13 ) ; * girl ( 22 ) ; stage ( 30 ) ; eat ( 47 ) AND agent ( 47 , 13 ) AND theme ( 47 , 22 ) AND recipient ( 47 , 30 )
129	Charlie offered Savannah the cake on a bed .	obj_to_subj_proper	Charlie ( 5 ) ; Savannah ( 17 ) ; cake ( 11 ) ; bed ( 20 ) ; offer ( 25 ) AND agent ( 25 , 5 ) AND theme ( 25 , 11 ) AND recipient ( 25 , 17 ) AND location ( 25 , 20 )
130	Charlie rolled Isabella .	obj_to_subj_proper	Charlie ( 15 ) ; Isabella ( 25 ) ; roll ( 32 ) AND agent ( 32 , 15 ) AND theme ( 32 , 25 )
131	Charlie liked Harper .	obj_to_subj_proper	Charlie ( 9 ) ; Harper ( 15 ) ; like ( 22 ) AND agent ( 22 , 9 ) AND theme ( 22 , 15 )
132	Charlie liked the crystal in a car .	obj_to_subj_proper	Charlie ( 47 ) ; crystal ( 23 ) ; car ( 32 ) ; like ( 14 ) AND agent ( 14 , 47 ) AND theme ( 14 , 23 ) AND recipient ( 14 , 32 )
133	Charlie fed the zebra the nail .	obj_to_subj_proper	Charlie ( 13 ) ; zebra ( 23 ) ; nail ( 32 ) ; feed ( 8 ) AND agent ( 8 , 13 ) AND theme ( 8 , 32 ) AND recipient ( 8 , 23 )
134	Charlie gave the puppy the chemical .	obj_to_subj_proper	Charlie ( 5 ) ; puppy ( 22 ) ; chemical ( 29 ) ; give ( 15 ) AND agent ( 15 , 5 ) AND recipient ( 15 , 22 ) AND theme ( 15 , 29 )
135	Thomas said that Charlie ate the cookie .	obj_to_subj_proper	Thomas ( 14 ) ; Charlie ( 20 ) ; cookie ( 29 ) ; say ( 12 ) AND agent ( 12 , 14 ) AND theme ( 12 , 20 ) AND theme ( 20 , 29 )
136	Charlie inflated the cake on a table .	obj_to_subj_proper	* Charlie ( 30 ) ; cake ( 14 ) ; table ( 38 ) ; inflate ( 43 ) AND agent ( 43 , 30 ) AND theme ( 43 , 14 ) AND recipient ( 43 , 38 )
137	Charlie sketched the girl in the car .	obj_to_subj_proper	Charlie ( 2 ) ; * girl ( 16 ) ; car ( 22 ) ; sketch ( 10 ) AND agent ( 10 , 2 ) AND theme ( 10 , 16 ) AND recipient ( 10 , 22 )
138	Charlie painted a girl beside a table .	obj_to_subj_proper	* Charlie ( 14 ) ; girl ( 24 ) ; table ( 32 ) ; paint ( 38 ) AND agent ( 38 , 14 ) AND theme ( 38 , 24 ) AND recipient ( 38 , 32 )
139	Charlie helped a cake beside a beast .	obj_to_subj_proper	Charlie ( 9 ) ; * cake ( 23 ) ; * beast ( 32 ) ; help ( 44 ) AND agent ( 44 , 9 ) AND theme ( 44 , 23 ) AND recipient ( 44 , 32 )
140	A coach liked that the cobra rolled .	only_seen_as_transitive_subj_as_unacc_subj	coach ( 6 ) ; cobra ( 24 ) ; like ( 16 ) AND agent ( 16 , 6 ) AND recipient ( 16 , 22 ) AND theme ( 22 , 24 ) AND roll ( 33 ) AND agent ( 33 , 24 )
141	Emma declared that a cobra split .	only_seen_as_transitive_subj_as_unacc_subj	* Emma ( 11 ) ; cobra ( 23 ) ; split ( 30 ) AND theme ( 30 , 23 ) AND agent ( 30 , 11 )
142	Lily wished that the cobra floated .	only_seen_as_transitive_subj_as_unacc_subj	* Lily ( 16 ) ; cobra ( 30 ) ; float ( 24 ) AND theme ( 24 , 30 ) AND agent ( 24 , 16 )
143	Amelia supported that the cobra rolled .	only_seen_as_transitive_subj_as_unacc_subj	* Amelia ( 9 ) ; cobra ( 26 ) ; roll ( 32 ) ; support ( 4 ) AND theme ( 32 , 26 ) AND agent ( 32 , 9 ) AND subordinate_clause_1 ( 4 , 26 , 32 )
144	Emily confessed that a cobra burned .	only_seen_as_transitive_subj_as_unacc_subj	* Emily ( 23 ) ; cobra ( 33 ) ; burn ( 18 ) AND agent ( 18 , 33 ) AND recipient ( 18 , 23 )
145	The dog tolerated that the cobra rolled .	only_seen_as_transitive_subj_as_unacc_subj	* dog ( 4 ) ; * cobra ( 16 ) ; tolerate ( 10 ) AND agent ( 10 , 4 ) AND recipient ( 10 , 16 ) AND roll ( 23 ) AND agent ( 23 , 16 )
146	Ella dreamed that the cobra slid .	only_seen_as_transitive_subj_as_unacc_subj	Ella ( 14 ) ; cobra ( 26 ) ; slide ( 35 ) AND theme ( 35 , 26 ) AND agent ( 35 , 14 ) AND dream ( 22 ) AND theme ( 22 , 26 )
147	A girl respected that the cobra rolled .	only_seen_as_transitive_subj_as_unacc_subj	girl ( 3 ) ; cobra ( 15 ) ; roll ( 37 ) ; respect ( 26 ) AND agent ( 26 , 3 ) AND theme ( 26 , 15 ) AND recipient ( 37 , 3 )
148	Elijah wished that the cobra froze .	only_seen_as_transitive_subj_as_unacc_subj	Elijah ( 1 ) ; cobra ( 23 ) ; freeze ( 19 ) AND theme ( 19 , 23 ) AND agent ( 19 , 1 )
149	A governor believed that a cobra burned .	only_seen_as_transitive_subj_as_unacc_subj	governor ( 2 ) ; * cobra ( 8 ) ; burn ( 14 ) ; believe ( 20 ) AND recipient ( 20 , 2 ) AND theme ( 14 , 8 )
150	The coach liked that the cobra froze .	only_seen_as_transitive_subj_as_unacc_subj	* coach ( 4 ) ; * cobra ( 20 ) ; like ( 8 ) AND agent ( 8 , 4 ) AND theme ( 8 , 20 ) AND recipient ( 8 , 26 ) AND freeze ( 26 ) AND theme ( 26 , 20 )
151	The girl liked that a cobra froze .	only_seen_as_transitive_subj_as_unacc_subj	* girl ( 4 ) ; cobra ( 20 ) ; freeze ( 26 ) AND theme ( 26 , 20 ) AND recipient ( 26 , 4 ) AND satisfier ( 4 , 24 , 26 )
152	A cobra burned .	only_seen_as_transitive_subj_as_unacc_subj	cobra ( 47 ) ; burn ( 13 ) AND theme ( 13 , 47 )
153	Olivia hoped that a cobra froze .	only_seen_as_transitive_subj_as_unacc_subj	Olivia ( 31 ) ; cobra ( 24 ) ; freeze ( 42 ) AND theme ( 42 , 24 ) AND recipient ( 42 , 30 ) AND hope ( 36 ) AND agent ( 36 , 31 )
154	A girl liked that a cobra burned .	only_seen_as_transitive_subj_as_unacc_subj	girl ( 3 ) ; cobra ( 21 ) ; * that ( 11 ) ; like ( 47 ) AND agent ( 47 , 3 ) AND theme ( 47 , 11 ) AND theme ( 47 , 21 ) AND burn ( 32 ) AND agent ( 32 , 21 )
155	Savannah liked that a cobra burned .	only_seen_as_transitive_subj_as_unacc_subj	Savannah ( 52 ) ; cobra ( 22 ) ; burn ( 13 ) AND agent ( 13 , 22 ) AND theme ( 13 , 23 ) AND like ( 41 ) AND agent ( 41 , 52 ) AND theme ( 41 , 23 )
156	Emma admired that a cobra decomposed .	only_seen_as_transitive_subj_as_unacc_subj	Emma ( 1 ) ; cobra ( 15 ) ; decompose ( 27 ) AND theme ( 27 , 15 ) AND agent ( 27 , 1 ) AND recipient ( 1 , 18 ) AND admire ( 47 ) AND theme ( 47 , 18 )
157	Emma said that a cobra froze .	only_seen_as_transitive_subj_as_unacc_subj	* Emma ( 31 ) ; cobra ( 18 ) ; freeze ( 42 ) AND theme ( 42 , 18 ) AND agent ( 31 , 42 )
158	A girl supported that a cobra collapsed .	only_seen_as_transitive_subj_as_unacc_subj	girl ( 2 ) ; cobra ( 17 ) ; collapse ( 30 ) ; support ( 44 ) AND agent ( 44 , 2 ) AND theme ( 44 , 17 ) AND recipient ( 30 , 44 )
159	Liam noticed that a cobra froze .	only_seen_as_transitive_subj_as_unacc_subj	Liam ( 8 ) ; cobra ( 20 ) ; freeze ( 25 ) AND theme ( 25 , 20 ) AND agent ( 25 , 14 ) ; notice ( 15 ) AND agent ( 15 , 8 ) AND theme ( 15 , 25 )
160	Claire hoped that the hippo drew .	only_seen_as_unacc_subj_as_obj_omitted_transitive_subj	Claire ( 7 ) ; hippo ( 17 ) ; draw ( 23 ) AND agent ( 23 , 17 ) AND recipient ( 23 , 7 )
161	A girl said that the hippo sketched .	only_seen_as_unacc_subj_as_obj_omitted_transitive_subj	girl ( 2 ) ; hippo ( 15 ) ; sketch ( 26 ) AND agent ( 26 , 15 ) AND recipient ( 26 , 2 )
162	A baby hoped that a hippo sketched .	only_seen_as_unacc_subj_as_obj_omitted_transitive_subj	baby ( 2 ) ; hippo ( 14 ) ; hope ( 7 ) AND agent ( 7 , 2 ) AND recipient ( 7 , 14 ) AND sketch ( 21 ) AND agent ( 21 , 14 ) AND theme ( 21 , * )
163	The cat liked that a hippo called .	only_seen_as_unacc_subj_as_obj_omitted_transitive_subj	* cat ( 4 ) ; hippo ( 23 ) ; like ( 12 ) AND agent ( 12 , 4 ) AND recipient ( 12 , 23 ) AND theme ( 26 , 23 ) AND call ( 26 ) AND agent ( 26 , 23 )
164	A puppy noticed that a hippo painted .	only_seen_as_unacc_subj_as_obj_omitted_transitive_subj	puppy ( 2 ) ; hippo ( 23 ) ; notice ( 7 ) AND agent ( 7 , 2 ) AND theme ( 7 , 23 ) AND paint ( 23 , * )
165	The hero imagined that a hippo cooked .	only_seen_as_unacc_subj_as_obj_omitted_transitive_subj	* hero ( 4 ) ; hippo ( 27 ) ; imagine ( 10 ) AND agent ( 10 , 4 ) AND recipient ( 10 , 27 ) AND cook ( 30 ) AND agent ( 30 , 27 )
166	Emma admired that a hippo packed .	only_seen_as_unacc_subj_as_obj_omitted_transitive_subj	Emma ( 13 ) ; hippo ( 26 ) ; pack ( 42 ) AND agent ( 42 , 26 ) AND recipient ( 13 , 42 ) AND indefinite descriptor ( 4 , 27 ) AND admire ( 56 ) AND theme ( 56 , 27 ) AND recipient ( 13 , 56 )
167	The journalist believed that the hippo ate .	only_seen_as_unacc_subj_as_obj_omitted_transitive_subj	* journalist ( 25 ) ; hippo ( 33 ) ; believe ( 17 ) AND agent ( 17 , 25 ) AND theme ( 17 , 33 ) AND recipient ( 17 , 35 ) AND eat ( 35 )
168	The child hoped that the hippo investigated .	only_seen_as_unacc_subj_as_obj_omitted_transitive_subj	* child ( 4 ) ; * hippo ( 30 ) ; hope ( 12 ) AND agent ( 12 , 4 ) AND recipient ( 12 , 30 ) AND investigate ( 24 ) AND agent ( 24 , 30 )
169	The teacher liked that a hippo ate .	only_seen_as_unacc_subj_as_obj_omitted_transitive_subj	* teacher ( 4 ) ; hippo ( 15 ) ; like ( 9 ) AND agent ( 9 , 4 ) AND recipient ( 9 , 15 ) AND theme ( 15 , 27 ) AND definite descriptor ( 27 )
170	Mia wished that the hippo ate .	only_seen_as_unacc_subj_as_obj_omitted_transitive_subj	* Mia ( 16 ) ; hippo ( 30 ) ; eat ( 42 ) ; wish ( 22 ) AND recipient ( 22 , 30 ) AND theme ( 30 , 42 ) AND agent ( 22 , 16 )
171	Olivia dreamed that the hippo ate .	only_seen_as_unacc_subj_as_obj_omitted_transitive_subj	Olivia ( 19 ) ; hippo ( 33 ) ; dream ( 29 ) AND agent ( 29 , 19 ) AND theme ( 29 , 33 ) AND eat ( 46 ) AND agent ( 46 , 33 )
172	The boy noticed that a hippo painted .	only_seen_as_unacc_subj_as_obj_omitted_transitive_subj	* boy ( 4 ) ; hippo ( 23 ) ; paint ( 18 ) ; notice ( 10 ) AND agent ( 10 , 4 ) AND recipient ( 10 , 18 ) AND theme ( 18 , 23 )
173	A hippo juggled .	only_seen_as_unacc_subj_as_obj_omitted_transitive_subj	hippo ( 13 ) ; juggle ( 28 )
174	The boy admired that a hippo ate .	only_seen_as_unacc_subj_as_obj_omitted_transitive_subj	* boy ( 4 ) ; * hippo ( 16 ) ; admire ( 29 ) AND agent ( 29 , 4 ) AND recipient ( 29 , 16 ) AND theme ( 16 , 35 ) AND definite descriptor ( 35 )
175	Isabella confessed that a hippo painted .	only_seen_as_unacc_subj_as_obj_omitted_transitive_subj	* Isabella ( 39 ) ; hippo ( 23 ) ; paint ( 47 ) AND theme ( 47 , 23 ) AND agent ( 47 , 39 ) AND confess ( 12 , 47 )
176	Mia said that a hippo packed .	only_seen_as_unacc_subj_as_obj_omitted_transitive_subj	Mia ( 3 ) ; hippo ( 16 ) ; pack ( 14 ) AND theme ( 14 , 16 ) AND agent ( 14 , 3 ) AND quote ( 3 , 14 )
177	Emma liked that a hippo noticed .	only_seen_as_unacc_subj_as_obj_omitted_transitive_subj	Emma ( 12 ) ; hippo ( 35 ) ; like ( 29 ) AND agent ( 29 , 12 ) AND theme ( 29 , 41 ) AND recipient ( 41 , 35 )
178	Noah liked that Liam meant that the hippo packed .	only_seen_as_unacc_subj_as_obj_omitted_transitive_subj	Noah ( 1 ) ; Liam ( 5 ) ; hippo ( 15 ) ; pack ( 26 ) ; like ( 10 ) AND agent ( 10 , 1 ) AND theme ( 10 , 5 ) AND recipient ( 5 , 26 ) AND theme ( 26 , 15 )
179	A bird liked that a hippo nursed .	only_seen_as_unacc_subj_as_obj_omitted_transitive_subj	bird ( 4 ) ; hippo ( 16 ) ; nurse ( 23 ) ; like ( 39 ) AND agent ( 23 , 16 ) AND recipient ( 23 , 4 ) AND theme ( 39 , 23 )
180	Liam liked that the hippo walked .	only_seen_as_unacc_subj_as_unerg_subj	Liam ( 21 ) ; hippo ( 36 ) ; walk ( 32 ) AND agent ( 32 , 36 ) AND recipient ( 21 , 32 ) AND like ( 3 ) AND theme ( 3 , 32 )
181	A girl proved that a hippo stuttered .	only_seen_as_unacc_subj_as_unerg_subj	girl ( 2 ) ; hippo ( 13 ) ; stutter ( 18 ) ; prove ( 28 ) AND agent ( 28 , 2 ) AND theme ( 28 , 13 ) AND recipient ( 28 , 18 )
182	A boy noticed that the hippo talked .	only_seen_as_unacc_subj_as_unerg_subj	boy ( 8 ) ; hippo ( 24 ) ; talk ( 35 ) ; notice ( 4 ) AND theme ( 4 , hippo ) AND agent ( 4 , 8 ) AND recipient ( 35 , 24 )
183	Emma supported that the hippo talked .	only_seen_as_unacc_subj_as_unerg_subj	* Emma ( 24 ) ; hippo ( 37 ) ; support ( 15 ) AND agent ( 15 , 24 ) AND theme ( 15 , 37 ) AND talk ( 42 ) AND agent ( 42 , 37 )
184	A girl valued that the hippo slept .	only_seen_as_unacc_subj_as_unerg_subj	girl ( 3 ) ; hippo ( 14 ) ; sleep ( 24 ) ; value ( 36 ) AND theme ( 36 , 24 ) AND agent ( 36 , 3 ) AND recipient ( 36 , 14 )
185	Isabella proved that a hippo sneezed .	only_seen_as_unacc_subj_as_unerg_subj	Isabella ( 5 ) ; hippo ( 15 ) ; sneeze ( 31 ) AND theme ( 31 , 15 ) AND agent ( 31 , 5 ) AND prove ( 22 ) AND theme ( 22 , 31 )
186	Olivia liked that a hippo screamed .	only_seen_as_unacc_subj_as_unerg_subj	Olivia ( 20 ) ; hippo ( 35 ) ; like ( 47 ) AND agent ( 47 , 20 ) AND theme ( 47 , 35 ) AND theme ( 49 , 35 ) AND recipient ( 49 , 47 )
187	A professor believed that a hippo cried .	only_seen_as_unacc_subj_as_unerg_subj	professor ( 7 ) ; hippo ( 22 ) ; cry ( 16 ) ; believe ( 29 ) AND theme ( 29 , 22 ) AND agent ( 29 , 7 )
188	Emma appreciated that the hippo scoffed .	only_seen_as_unacc_subj_as_unerg_subj	* Emma ( 13 ) ; hippo ( 26 ) ; appreciate ( 36 ) AND agent ( 36 , 13 ) AND theme ( 36 , 26 ) AND recipient ( 36 , 5 )
189	The dog noticed that a hippo ran .	only_seen_as_unacc_subj_as_unerg_subj	* dog ( 4 ) ; hippo ( 21 ) ; run ( 28 ) ; notice ( 13 ) AND recipient ( 13 , 4 ) AND agent ( 28 , 21 )
190	Liam said that the hippo sneezed .	only_seen_as_unacc_subj_as_unerg_subj	* Liam ( 11 ) ; hippo ( 25 ) ; sneeze ( 33 ) ; say ( 22 ) AND agent ( 22 , 11 ) AND recipient ( 22 , 25 ) AND theme ( 33 , 25 )
191	A girl hoped that a hippo slept .	only_seen_as_unacc_subj_as_unerg_subj	* girl ( 5 ) ; hippo ( 18 ) ; sleep ( 37 ) AND recipient ( 37 , 18 ) AND hope ( 26 ) AND theme ( 26 , 37 ) AND agent ( 26 , 5 )
192	A prisoner believed that the hippo slept .	only_seen_as_unacc_subj_as_unerg_subj	prisoner ( 28 ) ; hippo ( 35 ) ; sleep ( 56 ) ; believe ( 20 ) AND agent ( 20 , 28 ) AND theme ( 20 , 56 ) AND recipient ( 56 , 35 )
193	Noah liked that a hippo smiled .	only_seen_as_unacc_subj_as_unerg_subj	Noah ( 30 ) ; hippo ( 16 ) ; smile ( 42 ) ; like ( 22 ) AND agent ( 22 , 30 ) AND theme ( 22 , 16 ) AND recipient ( 42 , 30 )
194	The girl expected that a hippo snoozed .	only_seen_as_unacc_subj_as_unerg_subj	* girl ( 13 ) ; hippo ( 28 ) ; snooze ( 42 ) ; expect ( 7 ) AND agent ( 7 , 13 ) AND theme ( 7 , 42 ) AND recipient ( 42 , 28 )
195	A boy appreciated that the hippo slept .	only_seen_as_unacc_subj_as_unerg_subj	* boy ( 3 ) ; hippo ( 13 ) ; appreciate ( 27 ) AND recipient ( 27 , 3 ) AND theme ( 27 , 13 ) AND sleep ( 16 ) AND agent ( 16 , 13 )
196	Jacob noticed that the hippo smiled .	only_seen_as_unacc_subj_as_unerg_subj	Jacob ( 5 ) ; hippo ( 19 ) ; smile ( 33 ) ; notice ( 12 ) AND recipient ( 12 , 19 ) AND agent ( 12 , 5 ) AND theme ( 33 , 19 )
197	A girl believed that a hippo jogged .	only_seen_as_unacc_subj_as_unerg_subj	girl ( 2 ) ; hippo ( 14 ) ; jog ( 21 ) ; believe ( 31 ) AND agent ( 31 , 2 ) AND recipient ( 31 , 14 ) AND theme ( 31 , 21 )
198	The doctor liked that a hippo jogged .	only_seen_as_unacc_subj_as_unerg_subj	* doctor ( 4 ) ; hippo ( 20 ) ; jog ( 26 ) ; like ( 12 ) AND agent ( 12 , 4 ) AND recipient ( 12 , 20 ) AND theme ( 26 , 20 )
199	The dog expected that a hippo slept .	only_seen_as_unacc_subj_as_unerg_subj	* dog ( 4 ) ; hippo ( 22 ) ; sleep ( 34 ) AND agent ( 34 , 22 ) AND recipient ( 4 , 34 ) AND expect ( 52 ) AND agent ( 52 , 4 ) AND theme ( 52 , 34 )
200	Emma squeezed a donut .	passive_to_active	Emma ( 26 ) ; donut ( 21 ) ; squeeze ( 30 ) AND agent ( 30 , 26 ) AND theme ( 30 , 21 )
201	Mason liked that Emma squeezed the cake beside a book .	passive_to_active	Mason ( 1 ) ; Emma ( 4 ) ; cake ( 11 ) ; book ( 25 ) ; squeeze ( 9 ) AND agent ( 9 , 4 ) AND theme ( 9 , 11 ) AND recipient ( 9 , 25 ) AND like ( 30 ) AND agent ( 30 , 1 ) AND theme ( 30 , 9 )
202	Leah meant that Emma squeezed the rose beside the piano .	passive_to_active	Leah ( 3 ) ; Emma ( 6 ) ; squeeze ( 18 ) ; rose ( 13 ) ; piano ( 27 ) ; beside ( 25 ) ; mean ( 36 ) AND agent ( 18 , 6 ) AND theme ( 18 , 13 ) AND recipient ( 18 , 25 ) AND theme ( 36 , 18 ) AND agent ( 36 , 3 )
203	Nora squeezed Benjamin .	passive_to_active	Nora ( 3 ) ; Benjamin ( 7 ) ; squeeze ( 18 ) AND agent ( 18 , 3 ) AND theme ( 18 , 7 )
204	The girl squeezed a book on a table .	passive_to_active	* girl ( 17 ) ; * book ( 23 ) ; * table ( 31 ) ; squeeze ( 44 ) AND agent ( 44 , 17 ) AND theme ( 44 , 23 ) AND recipient ( 44 , 31 )
205	The frog squeezed Emma .	passive_to_active	* frog ( 16 ) ; Emma ( 23 ) ; squeeze ( 35 ) AND agent ( 35 , 16 ) AND recipient ( 35 , 23 )
206	A cat squeezed Amelia .	passive_to_active	cat ( 26 ) ; Amelia ( 39 ) ; squeeze ( 31 ) AND agent ( 31 , 26 ) AND theme ( 31 , 39 )
207	A monkey squeezed Emma .	passive_to_active	monkey ( 10 ) ; Emma ( 18 ) ; squeeze ( 25 ) AND agent ( 25 , 10 ) AND recipient ( 25 , 18 )
208	Olivia squeezed a fish on the crack .	passive_to_active	Olivia ( 7 ) ; * fish ( 21 ) ; crack ( 31 ) ; squeeze ( 40 ) AND agent ( 40 , 7 ) AND theme ( 40 , 21 ) AND recipient ( 40 , 31 )
209	Amelia squeezed a beer .	passive_to_active	Amelia ( 27 ) ; beer ( 17 ) ; squeeze ( 39 ) AND agent ( 39 , 27 ) AND theme ( 39 , 17 )
210	Ethan squeezed the girl in the garden .	passive_to_active	Ethan ( 1 ) ; * girl ( 15 ) ; garden ( 27 ) ; squeeze ( 22 ) AND agent ( 22 , 1 ) AND theme ( 22 , 15 ) AND recipient ( 22 , 27 )
211	The dog squeezed a box .	passive_to_active	* dog ( 26 ) ; * box ( 38 ) ; squeeze ( 47 ) AND agent ( 47 , 26 ) AND theme ( 47 , 38 )
212	A dog squeezed Liam .	passive_to_active	dog ( 16 ) ; Liam ( 31 ) ; squeeze ( 22 ) AND agent ( 22 , 16 ) AND recipient ( 22 , 31 )
213	Ella squeezed a rose on a chair on the speaker .	passive_to_active	Ella ( 1 ) ; * rose ( 12 ) ; * chair ( 21 ) ; * speaker ( 29 ) ; squeeze ( 7 ) AND agent ( 7 , 1 ) AND theme ( 7 , 12 ) AND recipient ( 7 , 21 ) AND recipient ( 7 , 29 )
214	William squeezed the cake on a stool beside the chair .	passive_to_active	* William ( 5 ) ; cake ( 14 ) ; stool ( 31 ) ; chair ( 38 ) ; squeeze ( 19 ) AND agent ( 19 , 5 ) AND theme ( 19 , 14 ) AND recipient ( 19 , 31 )
215	Elizabeth squeezed the strawberry beside a crystal .	passive_to_active	Elizabeth ( 18 ) ; strawberry ( 24 ) ; crystal ( 35 ) ; squeeze ( 42 ) AND agent ( 42 , 18 ) AND theme ( 42 , 24 ) AND recipient ( 42 , 35 )
216	A boy squeezed a box .	passive_to_active	* boy ( 22 ) ; * box ( 28 ) ; squeeze ( 41 ) AND agent ( 41 , 22 ) AND theme ( 41 , 28 )
217	Carter squeezed Emma .	passive_to_active	Carter ( 16 ) ; Emma ( 23 ) ; squeeze ( 28 ) AND agent ( 28 , 16 ) AND recipient ( 28 , 23 )
218	Emma squeezed a girl on a stool .	passive_to_active	* Emma ( 18 ) ; * girl ( 26 ) ; stool ( 34 ) ; squeeze ( 42 ) AND agent ( 42 , 18 ) AND theme ( 42 , 26 ) AND recipient ( 42 , 34 )
219	The girl squeezed Jacob .	passive_to_active	* girl ( 11 ) ; Jacob ( 33 ) ; squeeze ( 26 ) AND agent ( 26 , 11 ) AND recipient ( 26 , 33 )
220	Jackson shipped a friend the tool on a tree .	pp_dative_to_do_dative	* Jackson ( 24 ) ; * friend ( 8 ) ; tool ( 17 ) ; tree ( 37 ) ; ship ( 43 ) AND theme ( 43 , 17 ) AND agent ( 43 , 24 ) AND recipient ( 43 , 8 ) AND location ( 43 , 37 )
221	Olivia shipped Emma the rose in a tin .	pp_dative_to_do_dative	Olivia ( 1 ) ; Emma ( 3 ) ; rose ( 7 ) ; tin ( 10 ) ; ship ( 15 ) AND agent ( 15 , 1 ) AND recipient ( 15 , 3 ) AND theme ( 15 , 7 ) AND recipient ( 15 , 10 )
222	The citizen shipped Liam a cake in a house .	pp_dative_to_do_dative	* citizen ( 4 ) ; Liam ( 9 ) ; cake ( 14 ) ; house ( 24 ) ; ship ( 19 ) AND agent ( 19 , 4 ) AND theme ( 19 , 14 ) AND recipient ( 19 , 9 ) AND location ( 19 , 24 )
223	A girl shipped Oliver the clock .	pp_dative_to_do_dative	girl ( 2 ) ; Oliver ( 15 ) ; clock ( 21 ) ; ship ( 9 ) AND agent ( 9 , 2 ) AND recipient ( 9 , 15 ) AND theme ( 9 , 21 )
224	The coach shipped Emma the seed .	pp_dative_to_do_dative	* coach ( 11 ) ; Emma ( 23 ) ; seed ( 18 ) ; ship ( 38 ) AND agent ( 38 , 11 ) AND theme ( 38 , 18 ) AND recipient ( 38 , 23 )
225	Grayson shipped the boy a bell .	pp_dative_to_do_dative	Grayson ( 15 ) ; * boy ( 33 ) ; bell ( 26 ) ; ship ( 22 ) AND theme ( 22 , 26 ) AND agent ( 22 , 15 ) AND recipient ( 22 , 33 )
226	The coach shipped a dog a cake .	pp_dative_to_do_dative	* coach ( 10 ) ; * dog ( 19 ) ; cake ( 23 ) ; ship ( 36 ) AND agent ( 36 , 10 ) AND theme ( 36 , 19 ) AND recipient ( 36 , 23 )
227	A passenger shipped Riley the cake .	pp_dative_to_do_dative	passenger ( 14 ) ; Riley ( 18 ) ; cake ( 24 ) ; ship ( 32 ) AND agent ( 32 , 14 ) AND recipient ( 32 , 18 ) AND theme ( 32 , 24 )
228	A girl liked that Scarlett declared that the prince shipped Olivia a sandwich in a house .	pp_dative_to_do_dative	* girl ( 10 ) ; Scarlett ( 23 ) ; prince ( 46 ) ; Olivia ( 51 ) ; sandwich ( 59 ) ; house ( 67 ) ; like ( 6 ) AND agent ( 6 , 10 ) AND theme ( 6 , 34 ) AND declare ( 34 ) AND agent ( 34 , 23 ) AND theme ( 34 , 46 ) AND ship ( 56 ) AND agent ( 56 , 46 ) AND recipient ( 56 , 51 ) AND theme ( 56 , 59 ) AND in ( 63 ) AND location ( 59 , 67 )
229	A girl shipped the boy a chalk in a garden .	pp_dative_to_do_dative	* girl ( 2 ) ; * boy ( 10 ) ; chalk ( 18 ) ; garden ( 27 ) ; ship ( 35 ) AND agent ( 35 , 2 ) AND theme ( 35 , 18 ) AND recipient ( 35 , 10 )
230	Skylar shipped Scarlett a bucket .	pp_dative_to_do_dative	Skylar ( 17 ) ; Scarlett ( 22 ) ; bucket ( 26 ) ; ship ( 39 ) AND agent ( 39 , 17 ) AND recipient ( 39 , 22 ) AND theme ( 39 , 26 )
231	Emma shipped Alexander a box on the stage .	pp_dative_to_do_dative	Emma ( 5 ) ; Alexander ( 16 ) ; box ( 26 ) ; stage ( 34 ) ; ship ( 19 ) AND agent ( 19 , 5 ) AND theme ( 19 , 26 ) AND recipient ( 19 , 16 ) AND location ( 19 , 34 )
232	A father shipped Liam the rose on a table .	pp_dative_to_do_dative	father ( 16 ) ; Liam ( 20 ) ; rose ( 30 ) ; table ( 38 ) ; ship ( 24 ) AND agent ( 24 , 16 ) AND recipient ( 24 , 20 ) AND theme ( 24 , 30 ) AND IN ( 24 , 38 )
233	Emma shipped a girl the cake .	pp_dative_to_do_dative	*Emma ( 6 ) ; *girl ( 16 ) ; cake ( 26 ) ; ship ( 34 ) AND theme ( 34 , 26 ) AND recipient ( 34 , 16 ) AND agent ( 34 , 6 )
234	The boy respected that Samuel shipped Olivia the box in the room .	pp_dative_to_do_dative	* boy ( 4 ) ; Samuel ( 15 ) ; Olivia ( 25 ) ; box ( 34 ) ; room ( 43 ) ; respect ( 56 ) AND agent ( 56 , 4 ) AND recipient ( 56 , 25 ) AND theme ( 56 , 34 ) AND location ( 56 , 43 ) AND ship ( 14 , 15 , 25 , 34 , 43 )
235	Eleanor shipped Joseph a cake beside the table .	pp_dative_to_do_dative	Eleanor ( 7 ) ; Joseph ( 17 ) ; cake ( 29 ) ; ship ( 45 ) AND theme ( 45 , 29 ) AND agent ( 45 , 7 ) AND recipient ( 45 , 17 ) AND beside ( 29 , table ( 53 ) )
236	A lion shipped Mateo the cake .	pp_dative_to_do_dative	lion ( 2 ) ; Mateo ( 18 ) ; cake ( 23 ) ; ship ( 36 ) AND theme ( 36 , 23 ) AND recipient ( 36 , 18 ) AND agent ( 36 , 2 )
237	Hannah shipped Brooklyn the cake .	pp_dative_to_do_dative	* Hannah ( 10 ) ; * Brooklyn ( 24 ) ; cake ( 32 ) ; ship ( 17 ) AND agent ( 17 , 10 ) AND recipient ( 17 , 24 ) AND theme ( 17 , 32 )
238	A boy shipped a frog the sandwich in the garden .	pp_dative_to_do_dative	* boy ( 3 ) ; frog ( 10 ) ; sandwich ( 14 ) ; garden ( 20 ) ; ship ( 29 ) AND agent ( 29 , 3 ) AND recipient ( 29 , 10 ) AND theme ( 29 , 14 ) AND location ( 29 , 20 )
239	The donkey shipped Noah a donut .	pp_dative_to_do_dative	* donkey ( 4 ) ; Noah ( 10 ) ; * donut ( 19 ) ; ship ( 27 ) AND agent ( 27 , 4 ) AND theme ( 27 , 19 ) AND recipient ( 27 , 10 )
240	Logan slipped a donut on the bun beside the bed beside the table in a cup beside a tree to Emily .	pp_recursion	* Logan ( 1 ) ; * donut ( 7 ) ; * bun ( 15 ) ; * bed ( 23 ) ; * table ( 31 ) ; * cup ( 39 ) ; * tree ( 47 ) ; Emily ( 56 ) ; slip ( 55 ) AND agent ( 55 , 1 ) AND theme ( 55 , 7 ) AND recipient ( 55 , 15 ) AND recipient ( 55 , 23 ) AND recipient ( 55 , 31 ) AND recipient ( 55 , 39 ) AND recipient ( 55 , 47 ) AND recipient ( 55 , 56 )
241	A judge poked the donut in a cupboard beside the bin beside the seat in a taxi beside a bed in a house beside a stage in a garden on a rock beside a table .	pp_recursion	* judge ( 2 ) ; * donut ( 8 ) ; * cupboard ( 18 ) ; * bin ( 24 ) ; * seat ( 30 ) ; * taxi ( 36 ) ; * bed ( 42 ) ; * house ( 48 ) ; * stage ( 54 ) ; * garden ( 60 ) ; * rock ( 66 ) ; * table ( 72 ) ; poke ( 82 ) AND agent ( 82 , 2 ) AND theme ( 82 , 8 ) AND location ( 82 , 18 ) AND location ( 18 , 24 ) AND location ( 18 , 30 ) AND location ( 30 , 36 ) AND location ( 36 ,
242	A cat served a box on the napkin beside a log on a bed beside the bike on a TV to the prince .	pp_recursion	* cat ( 3 ) ; * box ( 9 ) ; * napkin ( 13 ) ; * log ( 19 ) ; * bed ( 23 ) ; * bike ( 29 ) ; * TV ( 34 ) ; * prince ( 38 ) ; serve ( 60 ) AND agent ( 60 , 3 ) AND theme ( 60 , 9 ) AND recipient ( 60 , 13 ) AND recipient ( 60 , 19 ) AND recipient ( 60 , 23 ) AND recipient ( 60 , 29 ) AND recipient ( 60 , 34 ) AND recipient ( 60 , 38 )
243	Liam liked the soldier beside a bottle on the road beside a cup in a room on a sock in a well on the chair in a basin .	pp_recursion	* Liam ( 12 ); * soldier ( 20 ); * bottle ( 28 ); * road ( 36 ); * cup ( 44 ); * room ( 52 ); * sock ( 60 ); * chair ( 68 ); * basin ( 76 ) ; like ( 8 ) AND agent ( 8 , 12 ) AND theme ( 8 , 20 ) AND recipient ( 20 , 28 ) AND recipient ( 28 , 36 ) AND recipient ( 36 , 44 ) AND recipient ( 44 , 52 ) AND recipient ( 52 , 60 ) AND recipient ( 60 , 68 ) AND recipient ( 68 , 76 )
244	Emma appreciated that the cat snapped the dealer in the cage beside the book in a house beside a sink beside the cup beside a chair beside the bin on the bed .	pp_recursion	* Emma ( 32 ) ; * cat ( 18 ) ; * dealer ( 26 ) ; snap ( 10 ) AND agent ( 10 , 18 ) AND theme ( 10 , 26 ) AND recipient ( 10 , 39 ) ; * cage ( 39 ) ; * book ( 47 ) ; * house ( 53 ) ; * sink ( 61 ) ; * cup ( 67 ) ; * chair ( 73 ) ; * bin ( 79 ) ; * bed ( 86 ) AND near ( 18 , 39 ) AND near ( 39 , 47 ) AND near ( 47 , 53 ) AND near ( 53 , 61 ) AND near ( 61
245	Liam liked a donut in the garden in the well on a bike in the house on a bowl in a pod .	pp_recursion	* Liam ( 14 ) ; donut ( 23 ) ; garden ( 32 ) ; well ( 41 ) ; bike ( 50 ) ; house ( 59 ) ; bowl ( 68 ) ; pod ( 77 ) ; like ( 95 ) AND agent ( 95 , 14 ) AND theme ( 95 , 23 ) AND recipient ( 95 , 32 ) AND recipient ( 95 , 41 ) AND recipient ( 95 , 50 ) AND recipient ( 95 , 59 ) AND recipient ( 95 , 68 ) AND recipient ( 95 , 77 )
246	A cat froze a chicken on a chair in a garden on a table in a dumpster beside the monk beside a bed .	pp_recursion	* cat ( 26 ) ; * chicken ( 28 ) ; * chair ( 32 ) ; * garden ( 36 ) ; * table ( 40 ) ; * dumpster ( 44 ) ; * monk ( 50 ) ; * bed ( 56 ) ; freeze ( 18 ) AND agent ( 18 , 26 ) AND theme ( 18 , 28 ) AND recipient ( 28 , 32 ) AND recipient ( 32 , 36 ) AND recipient ( 36 , 40 ) AND recipient ( 40 , 44 ) AND recipient ( 44 , 50 ) AND recipient ( 50 , 56 )
247	The girl sketched the cat in a house on a seat beside a table beside a dragon on the notebook in a jar in the room .	pp_recursion	* girl ( 4 ) ; * cat ( 12 ) ; * house ( 18 ) ; * seat ( 27 ) ; * table ( 37 ) ; * dragon ( 48 ) ; * notebook ( 62 ) ; * jar ( 70 ) ; * room ( 81 ) ; sketch ( 94 ) AND agent ( 94 , 4 ) AND theme ( 94 , 12 ) AND in ( 12 , 18 ) AND beside ( 18 , 27 ) AND beside ( 27 , 37 ) AND beside ( 37 , 48 ) AND on ( 48 , 62 ) AND in ( 62 , 70 ) AND in ( 70 , 81 )
248	The boy ate the monster in the cabinet in a envelope on the tiger beside the painting beside a cat on a box beside a table on a surface in the house in the cup beside the stage .	pp_recursion	* boy ( 5 ) ; * monster ( 13 ) ; * cabinet ( 19 ) ; * envelope ( 25 ) ; * tiger ( 37 ) ; * painting ( 45 ) ; * cat ( 53 ) ; * box ( 59 ) ; * table ( 67 ) ; * surface ( 73 ) ; * house ( 83 ) ; * cup ( 91 ) ; * stage ( 97 ) ; eat ( 10 ) AND agent ( 10 , 5 ) AND theme ( 10 , 13 ) ; beside ( 13 , 19 ) ; on ( 25 , 37 ) ; beside ( 37 , 45 ) ; beside ( 53 , 59 )
249	Emily admired a girl beside the monkey on the bible in the car in a palace on a surface on a desk on a cupboard on the table .	pp_recursion	* Emily ( 14 ) ; * girl ( 25 ) ; * monkey ( 33 ) ; * bible ( 43 ) ; * car ( 53 ) ; * palace ( 63 ) ; * surface ( 77 ) ; * desk ( 84 ) ; * cupboard ( 95 ) ; * table ( 105 ) ; admire ( 9 ) AND agent ( 9 , 14 ) AND theme ( 9 , 25 ) AND recipient ( 9 , 33 ) AND agent ( 9 , 53 ) AND recipient ( 9 , 43 ) AND agent ( 9 , 63 ) AND recipient ( 9 , 77 ) AND recipient ( 9 , 84 ) AND recipient (
250	A tenant liked the teacher in a glass on a stage in a house .	pp_recursion	* tenant ( 2 ) ; * teacher ( 15 ) ; * glass ( 29 ) ; * stage ( 38 ) ; * house ( 48 ) ; like ( 26 ) AND agent ( 26 , 2 ) AND theme ( 26 , 15 ) AND recipient ( 15 , 29 ) AND recipient ( 29 , 38 ) AND recipient ( 38 , 48 )
251	Eleanor painted a teacher in a house beside the stage on the table in a room .	pp_recursion	* Eleanor ( 11 ) ; * teacher ( 25 ) ; * house ( 32 ) ; * stage ( 43 ) ; * table ( 53 ) ; * room ( 63 ) ; paint ( 18 ) AND agent ( 18 , 11 ) AND theme ( 18 , 25 ) AND recipient ( 32 , 18 ) AND recipient ( 53 , 32 ) AND recipient ( 63 , 53 ) AND recipient ( 32 , 43 )
252	A teacher sold a bat beside a machine in the house on the chair in a room beside the sword on a seat on the table to a goose .	pp_recursion	* teacher ( 4 ) ; * bat ( 10 ) ; * machine ( 22 ) ; * house ( 36 ) ; * chair ( 51 ) ; * room ( 63 ) ; * sword ( 77 ) ; * seat ( 88 ) ; * table ( 98 ) ; * goose ( 107 ) ; sell ( 125 ) AND agent ( 125 , 4 ) AND theme ( 125 , 10 ) AND recipient ( 125 , 107 ) AND beside ( 10 , 22 ) AND beside ( 22 , 51 ) AND in ( 36 , 63 ) AND on ( 77 , 88 ) AND on ( 88 , 98 )
253	A dog painted the girl beside the chair in a house beside a road on a dish .	pp_recursion	* dog ( 37 ) ; * girl ( 25 ) ; * chair ( 20 ) ; * house ( 9 ) ; * road ( 3 ) ; * dish ( 47 ) ; paint ( 51 ) AND agent ( 51 , 37 ) AND theme ( 51 , 25 ) AND recipient ( 51 , 20 ) AND recipient ( 51 , 9 ) AND recipient ( 51 , 3 ) AND recipient ( 51 , 47 )
254	The baby returned James the donut on the tree in the house on the bed in a bag .	pp_recursion	* baby ( 5 ) ; James ( 11 ) ; donut ( 16 ) ; tree ( 25 ) ; house ( 34 ) ; bed ( 44 ) ; bag ( 54 ) ; return ( 62 ) AND agent ( 62 , 5 ) AND recipient ( 62 , 11 ) AND theme ( 62 , 16 ) AND location ( 62 , 25 ) AND location ( 62 , 34 ) AND location ( 62 , 44 ) AND location ( 62 , 54 )
255	The boy sold the cake on the boat on the leaflet in the haystack on a bed on a stage on a block in a garden on the chair to the president .	pp_recursion	* boy ( 5 ) ; * cake ( 14 ) ; * boat ( 29 ) ; * leaflet ( 36 ) ; * haystack ( 43 ) ; * bed ( 50 ) ; * stage ( 57 ) ; * block ( 64 ) ; * garden ( 71 ) ; * chair ( 78 ) ; * president ( 90 ) ; sell ( 84 ) AND agent ( 84 , 5 ) AND theme ( 84 , 14 ) AND recipient ( 84 , 29 ) AND recipient ( 84 , 36 ) AND recipient ( 84 , 43 ) AND recipient ( 84 , 50 ) AND recipient ( 84 , 57 ) AND recipient (
256	The girl cleaned a cat beside a table in a storage on a rock beside the bed in a house on the desk in the garden beside a car .	pp_recursion	* girl ( 4 ) ; * cat ( 12 ) ; * table ( 23 ) ; * storage ( 31 ) ; * rock ( 41 ) ; * bed ( 51 ) ; * house ( 63 ) ; * desk ( 73 ) ; * garden ( 88 ) ; * car ( 98 ) ; clean ( 104 ) AND agent ( 104 , 4 ) AND theme ( 104 , 12 ) AND recipient ( 104 , 23 ) AND recipient ( 104 , 31 ) AND recipient ( 104 , 41 ) AND recipient ( 104 , 51 ) AND recipient ( 104 , 63 ) AND recipient ( 104 , 73 ) AND recipient (
257	A girl handed the block beside a mirror beside a book in a vessel in the room in a house in the box beside the bag beside a log in the saucepan in the car beside the table to Liam .	pp_recursion	* girl ( 3 ) ; block ( 13 ) ; mirror ( 17 ) ; book ( 21 ) ; vessel ( 25 ) ; room ( 29 ) ; house ( 33 ) ; box ( 37 ) ; bag ( 41 ) ; log ( 45 ) ; saucepan ( 49 ) ; car ( 54 ) ; table ( 58 ) ; Liam ( 62 ) ; hand ( 73 ) AND agent ( 73 , 3 ) AND theme ( 73 , 13 ) AND recipient ( 73 , 62 ) AND beside(13,17) AND beside(17,21) AND beside(21,25) AND beside(25,29) AND beside(29
258	Liam ate the cookie in a penthouse beside the book in the house in the stadium on a bible beside the car in a bakery beside the table beside the machine in the container .	pp_recursion	* Liam ( 7 ) ; * cookie ( 10 ) ; * penthouse ( 19 ) ; * book ( 25 ) ; * house ( 31 ) ; * stadium ( 37 ) ; * bible ( 44 ) ; * car ( 51 ) ; * bakery ( 58 ) ; * table ( 65 ) ; * machine ( 72 ) ; * container ( 82 ) ; eat ( 96 ) AND agent ( 96 , 7 ) AND theme ( 96 , 10 ) AND location ( 10 , 19 ) AND location ( 19 , 31 ) AND location ( 31 , 37 ) AND location ( 37 , 44 ) AND location ( 44 ,
259	William helped a boy beside the table on a truck beside the tree on the yacht beside a bed in a car beside a boat beside a chair on a seat in a envelope on a shelf .	pp_recursion	* William ( 3 ) ; * boy ( 18 ) ; * table ( 28 ) ; * truck ( 46 ) ; * tree ( 60 ) ; * yacht ( 77 ) ; * bed ( 92 ) ; * car ( 107 ) ; * boat ( 123 ) ; * chair ( 140 ) ; * seat ( 150 ) ; * envelope ( 163 ) ; * shelf ( 180 ) ; help ( 6 ) AND agent ( 6 , 3 ) AND theme ( 6 , 18 ) AND recipient ( 6 , 28 ) AND recipient ( 6 , 46 ) AND recipient ( 6 , 60 ) AND recipient ( 6 , 77 )
260	The lion preferred to crawl .	prim_to_inf_arg	* lion ( 13 ) ; crawl ( 23 ) AND agent ( 23 , 13 ) AND preference ( 23 )
261	Elijah wanted to crawl .	prim_to_inf_arg	* Elijah ( 11 ) ; crawl ( 26 ) ; want ( 15 ) AND agent ( 15 , 11 ) AND theme ( 15 , 26 )
262	A student wanted to crawl .	prim_to_inf_arg	student ( 12 ) ; crawl ( 23 ) ; want ( 35 ) AND agent ( 35 , 12 ) AND theme ( 23 )
263	Liam dreamed to crawl .	prim_to_inf_arg	Liam ( 14 ) ; dream ( 25 ) AND agent ( 25 , 14 ) AND theme ( 25 , crawl ( 31 ) )
264	A butterfly hoped that Ava wanted to crawl .	prim_to_inf_arg	butterfly ( 7 ) ; Ava ( 11 ) ; hope ( 23 ) AND agent ( 23 , 7 ) AND recipient ( 23 , 11 ) AND crawl ( 34 ) AND theme ( 34 ) AND agent ( 34 , 11 ) AND recipient ( 34 , 7 )
265	Avery wanted to crawl .	prim_to_inf_arg	* Avery ( 10 ) ; crawl ( 25 ) AND agent ( 25 , 10 )
266	A manager preferred to crawl .	prim_to_inf_arg	manager ( 38 ) ; crawl ( 50 ) ; prefer ( 23 ) AND agent ( 23 , 38 ) AND theme ( 23 , 50 )
267	Ava wanted to crawl .	prim_to_inf_arg	Ava ( 22 ) ; crawl ( 35 ) AND agent ( 35 , 22 )
268	The girl longed to crawl .	prim_to_inf_arg	* girl ( 32 ) ; crawl ( 43 ) AND agent ( 43 , 32 ) AND theme ( 43 ) AND recipient ( 32 )
269	A guard liked to crawl .	prim_to_inf_arg	guard ( 22 ) ; crawl ( 32 ) AND agent ( 32 , 22 ) AND like ( 45 ) AND theme ( 45 , 32 )
270	A hen expected to crawl .	prim_to_inf_arg	hen ( 2 ) ; expect ( 16 ) AND agent ( 16 , 2 ) AND theme ( 16 , crawl ( 23 ) )
271	The frog yearned to crawl .	prim_to_inf_arg	* frog ( 36 ) ; yearn ( 24 ) AND agent ( 24 , 36 ) AND theme ( 24 , crawl )
272	Emma liked that Noah wanted to crawl .	prim_to_inf_arg	Emma ( 11 ) ; Noah ( 26 ) ; like ( 36 ) AND agent ( 36 , 11 ) AND theme ( 36 , 26 ) AND recipient ( 36 , 44 ) AND crawl ( 44 ) AND agent ( 44 , 26 )
273	A child planned to crawl .	prim_to_inf_arg	* child ( 21 ) ; plan ( 37 ) AND agent ( 37 , 21 ) AND theme ( 37 , crawl )
274	A chicken longed to crawl .	prim_to_inf_arg	chicken ( 12 ) ; crawl ( 36 ) AND recipient ( 36 , 12 ) AND theme ( 36 ) AND long ( 21 )
275	The dog yearned to crawl .	prim_to_inf_arg	* dog ( 43 ) ; yearn ( 15 ) ; crawl ( 24 ) AND agent ( 15 , 43 ) AND theme ( 24 )
276	The scientist wanted to crawl .	prim_to_inf_arg	* scientist ( 5 ) ; crawl ( 23 ) ; want ( 16 ) AND agent ( 16 , 5 ) AND theme ( 16 , 23 )
277	Madison wanted to crawl .	prim_to_inf_arg	Madison ( 14 ) ; crawl ( 37 ) AND agent ( 37 , 14 )
278	A lion itched to crawl .	prim_to_inf_arg	lion ( 4 ) ; crawl ( 18 ) ; itch ( 35 ) AND agent ( 35 , 4 ) AND recipient ( 35 , 18 )
279	Logan wanted to crawl .	prim_to_inf_arg	Logan ( 12 ) ; crawl ( 23 ) AND agent ( 23 , 12 )
280	Owen rented Olivia the shark beside the stool .	prim_to_obj_common	Owen ( 7 ) ; Olivia ( 18 ) ; shark ( 14 ) ; stool ( 26 ) ; rent ( 40 ) AND agent ( 40 , 7 ) AND theme ( 40 , 14 ) AND recipient ( 40 , 18 ) AND location ( 40 , 26 )
281	A bear gave Claire a shark .	prim_to_obj_common	bear ( 21 ) ; Claire ( 30 ) ; shark ( 40 ) ; give ( 47 ) AND agent ( 47 , 21 ) AND recipient ( 47 , 30 ) AND theme ( 47 , 40 )
282	A cat posted the shark on the desk to Sophia .	prim_to_obj_common	* cat ( 21 ) ; * shark ( 29 ) ; * desk ( 35 ) ; Sophia ( 41 ) ; post ( 50 ) AND agent ( 50 , 21 ) AND theme ( 50 , 29 ) AND recipient ( 50 , 35 ) AND recipient ( 50 , 41 )
283	Liam sold the shark to Emma .	prim_to_obj_common	Liam ( 10 ) ; shark ( 22 ) ; Emma ( 33 ) ; sell ( 14 ) AND agent ( 14 , 10 ) AND theme ( 14 , 22 ) AND recipient ( 14 , 33 )
284	A tiger rolled a shark .	prim_to_obj_common	tiger ( 33 ) ; shark ( 21 ) ; roll ( 47 ) AND agent ( 47 , 33 ) AND theme ( 47 , 21 )
285	James drew a shark .	prim_to_obj_common	James ( 7 ) ; * shark ( 14 ) ; draw ( 35 ) AND agent ( 35 , 7 ) AND theme ( 35 , 14 )
286	Isabella gave the shark in the car to Emma .	prim_to_obj_common	Isabella ( 19 ) ; shark ( 31 ) ; car ( 26 ) ; Emma ( 44 ) ; give ( 11 ) AND agent ( 11 , 19 ) AND theme ( 11 , 31 ) AND recipient ( 11 , 44 ) AND location ( 31 , 26 )
287	Emma rolled a shark on the notebook .	prim_to_obj_common	Emma ( 5 ) ; shark ( 15 ) ; notebook ( 28 ) ; roll ( 18 ) AND theme ( 18 , 15 ) AND agent ( 18 , 5 ) AND recipient ( 18 , 28 )
288	Ethan crumpled the shark .	prim_to_obj_common	* Ethan ( 17 ) ; shark ( 23 ) ; crumple ( 41 ) AND agent ( 41 , 17 ) AND theme ( 41 , 23 )
289	The girl passed a donkey a shark on a speaker .	prim_to_obj_common	* girl ( 11 ) ; * donkey ( 20 ) ; * shark ( 25 ) ; speaker ( 32 ) ; pass ( 43 ) AND agent ( 43 , 11 ) AND theme ( 43 , 20 ) AND recipient ( 43 , 25 ) AND location ( 43 , 32 )
290	Michael thought that Elizabeth awarded the boy a shark .	prim_to_obj_common	Michael ( 4 ) ; Elizabeth ( 10 ) ; * boy ( 19 ) ; shark ( 45 ) ; think ( 27 ) AND agent ( 27 , 4 ) AND theme ( 27 , 19 ) AND recipient ( 27 , 45 ) AND award ( 36 ) AND agent ( 36 , 10 ) AND recipient ( 36 , 19 )
291	A cat gave Emma a shark .	prim_to_obj_common	cat ( 2 ) ; Emma ( 6 ) ; shark ( 10 ) ; give ( 22 ) AND agent ( 22 , 2 ) AND theme ( 22 , 10 ) AND recipient ( 22 , 6 )
292	The priest ate a shark .	prim_to_obj_common	* priest ( 27 ) ; shark ( 41 ) ; eat ( 12 ) AND agent ( 12 , 27 ) AND theme ( 12 , 41 )
293	A boy gave the lion a shark beside the table .	prim_to_obj_common	* boy ( 3 ) ; * lion ( 11 ) ; shark ( 22 ) ; table ( 34 ) ; give ( 44 ) AND agent ( 44 , 3 ) AND theme ( 44 , 22 ) AND recipient ( 44 , 11 ) AND location ( 44 , 34 )
294	Benjamin ate the shark .	prim_to_obj_common	Benjamin ( 50 ) ; shark ( 25 ) ; eat ( 16 ) AND agent ( 16 , 50 ) AND theme ( 16 , 25 )
295	Liam ate a shark on the rock .	prim_to_obj_common	Liam ( 1 ) ; shark ( 18 ) ; rock ( 25 ) ; eat ( 47 ) AND agent ( 47 , 1 ) AND theme ( 47 , 18 ) AND recipient ( 47 , 25 )
296	Benjamin liked that Emma admired that Liam loaned a shark to the dog .	prim_to_obj_common	Benjamin ( 1 ) ; Emma ( 5 ) ; Liam ( 9 ) ; shark ( 19 ) ; dog ( 27 ) ; like ( 29 ) AND agent ( 29 , 1 ) AND theme ( 29 , 5 ) AND recipient ( 5 , 9 ) AND theme ( 9 , 19 ) AND recipient ( 27 , 19 )
297	A teacher hoped that a girl ate a shark on the table .	prim_to_obj_common	* teacher ( 5 ) ; * girl ( 15 ) ; * shark ( 25 ) ; * table ( 35 ) ; hope ( 12 ) AND recipient ( 12 , 15 ) AND theme ( 15 , 25 ) AND location ( 25 , 35 ) AND eat ( 31 ) AND agent ( 31 , 15 ) AND theme ( 31 , 25 ) AND location ( 31 , 35 )
298	Noah liked that a cat helped the shark beside a table .	prim_to_obj_common	Noah ( 12 ) ; cat ( 30 ) ; shark ( 25 ) ; table ( 38 ) ; like ( 5 ) AND agent ( 5 , 12 ) AND theme ( 5 , 30 ) AND recipient ( 30 , 25 ) AND beside ( 25 , 38 )
299	Emily ate the shark in the house .	prim_to_obj_common	* Emily ( 16 ) ; * shark ( 23 ) ; house ( 29 ) ; eat ( 40 ) AND agent ( 40 , 16 ) AND theme ( 40 , 23 ) AND recipient ( 40 , 29 )
300	Theodore changed Paula .	prim_to_obj_proper	Theodore ( 13 ) ; Paula ( 28 ) ; change ( 22 ) AND agent ( 22 , 13 ) AND theme ( 22 , 28 )
301	A tiger rolled Paula .	prim_to_obj_proper	tiger ( 16 ) ; Paula ( 29 ) ; roll ( 38 ) AND agent ( 38 , 16 ) AND recipient ( 38 , 29 )
302	Sophia sent Ava Paula .	prim_to_obj_proper	Sophia ( 4 ) ; Ava ( 12 ) ; Paula ( 23 ) ; send ( 31 ) AND theme ( 31 , 23 ) AND agent ( 31 , 4 ) AND recipient ( 31 , 12 )
303	Noah liked Paula .	prim_to_obj_proper	Noah ( 16 ) ; Paula ( 20 ) ; like ( 25 ) AND agent ( 25 , 16 ) AND theme ( 25 , 20 )
304	The student helped Paula .	prim_to_obj_proper	* student ( 15 ) ; Paula ( 23 ) ; help ( 30 ) AND agent ( 30 , 15 ) AND recipient ( 30 , 23 )
305	A horse said that the moose ate Paula .	prim_to_obj_proper	horse ( 3 ) ; moose ( 19 ) ; Paula ( 33 ) ; say ( 8 ) AND agent ( 8 , 3 ) AND theme ( 8 , say ) AND agent ( 19 , say ) AND recipient ( 33 , eat ) AND theme ( eat , 19 )
306	Olivia sold Paula to the priest .	prim_to_obj_proper	Olivia ( 4 ) ; Paula ( 16 ) ; priest ( 28 ) ; sell ( 12 ) AND agent ( 12 , 4 ) AND theme ( 12 , 16 ) AND recipient ( 12 , 28 )
307	James discovered Paula .	prim_to_obj_proper	James ( 32 ) ; Paula ( 22 ) ; discover ( 12 ) AND agent ( 12 , 32 ) AND theme ( 12 , 22 )
308	The girl gave Paula to Addison .	prim_to_obj_proper	* girl ( 4 ) ; Paula ( 12 ) ; Addison ( 17 ) ; give ( 23 ) AND agent ( 23 , 4 ) AND theme ( 23 , 12 ) AND recipient ( 23 , 17 )
309	The girl decomposed Paula .	prim_to_obj_proper	* girl ( 10 ) ; Paula ( 14 ) ; decompose ( 25 ) AND agent ( 25 , 10 ) AND theme ( 25 , 14 )
310	A boy mailed Paula to the girl .	prim_to_obj_proper	* boy ( 15 ) ; Paula ( 23 ) ; girl ( 29 ) ; mail ( 43 ) AND agent ( 43 , 15 ) AND recipient ( 43 , 23 ) AND theme ( 43 , 29 )
311	Scarlett lended a consumer Paula .	prim_to_obj_proper	* Scarlett ( 14 ) ; consumer ( 20 ) ; Paula ( 26 ) ; lend ( 35 ) AND agent ( 35 , 14 ) AND recipient ( 35 , 26 ) AND theme ( 35 , 20 )
312	Ava broke Paula .	prim_to_obj_proper	Ava ( 10 ) ; Paula ( 39 ) ; break ( 22 ) AND agent ( 22 , 10 ) AND theme ( 22 , 39 )
313	Aubrey handed Paula to Charlotte .	prim_to_obj_proper	Aubrey ( 6 ) ; Paula ( 18 ) ; Charlotte ( 26 ) ; hand ( 40 ) AND agent ( 40 , 6 ) AND theme ( 40 , 18 ) AND recipient ( 40 , 26 )
314	The girl forwarded Paula to Olivia .	prim_to_obj_proper	* girl ( 4 ) ; Paula ( 14 ) ; Olivia ( 20 ) ; forward ( 9 ) AND theme ( 9 , 14 ) AND recipient ( 9 , 20 ) AND agent ( 9 , 4 )
315	Logan gave the cat Paula .	prim_to_obj_proper	Logan ( 5 ) ; cat ( 14 ) ; Paula ( 17 ) ; give ( 27 ) AND agent ( 27 , 5 ) AND theme ( 27 , 14 ) AND recipient ( 27 , 17 )
316	Wyatt proved that the boy rented Paula to Ava .	prim_to_obj_proper	Wyatt ( 10 ) ; prove ( 27 ) ; boy ( 20 ) ; Paula ( 39 ) ; Ava ( 51 ) ; rent ( 16 ) AND agent ( 16 , 20 ) AND theme ( 16 , 39 ) AND recipient ( 16 , 51 ) AND subclause ( 27 , 16 )
317	Oliver burned Paula .	prim_to_obj_proper	Oliver ( 50 ) ; Paula ( 20 ) ; burn ( 36 ) AND agent ( 36 , 50 ) AND recipient ( 36 , 20 )
318	A girl dusted Paula .	prim_to_obj_proper	girl ( 8 ) ; Paula ( 13 ) ; dust ( 25 ) AND agent ( 25 , 8 ) AND theme ( 25 , 13 )
319	Logan hunted Paula .	prim_to_obj_proper	Logan ( 23 ) ; Paula ( 27 ) ; hunt ( 14 ) AND agent ( 14 , 23 ) AND theme ( 14 , 27 )
320	The shark ate a rose .	prim_to_subj_common	* shark ( 6 ) ; rose ( 12 ) ; eat ( 28 ) AND agent ( 28 , 6 ) AND theme ( 28 , 12 )
321	The shark gave Elijah the cake beside a seat .	prim_to_subj_common	* shark ( 4 ) ; Elijah ( 9 ) ; cake ( 13 ) ; seat ( 20 ) ; give ( 32 ) AND agent ( 32 , 4 ) AND theme ( 32 , 13 ) AND recipient ( 32 , 9 ) AND location ( 32 , 20 )
322	The shark examined Sophia .	prim_to_subj_common	* shark ( 24 ) ; Sophia ( 38 ) ; examine ( 31 ) AND theme ( 31 , 38 ) AND agent ( 31 , 24 )
323	The shark pierced a cake .	prim_to_subj_common	* shark ( 16 ) ; cake ( 25 ) ; pierce ( 33 ) AND agent ( 33 , 16 ) AND theme ( 33 , 25 )
324	The shark juggled the cake beside the bat .	prim_to_subj_common	* shark ( 4 ) ; * cake ( 13 ) ; * bat ( 24 ) ; juggle ( 39 ) AND agent ( 39 , 4 ) AND theme ( 39 , 13 ) AND recipient ( 39 , 24 ) AND alongside ( 13 , 24 )
325	The shark loved the balloon .	prim_to_subj_common	* shark ( 37 ) ; * balloon ( 25 ) ; love ( 33 ) AND agent ( 33 , 37 ) AND recipient ( 33 , 25 )
326	A shark mailed Oliver the cookie .	prim_to_subj_common	shark ( 2 ) ; Oliver ( 15 ) ; cookie ( 9 ) ; mail ( 27 ) AND agent ( 27 , 2 ) AND recipient ( 27 , 15 ) AND theme ( 27 , 9 )
327	The shark dusted the donut on the road .	prim_to_subj_common	* shark ( 4 ) ; * donut ( 13 ) ; road ( 22 ) ; dust ( 28 ) AND agent ( 28 , 4 ) AND theme ( 28 , 13 ) AND recipient ( 28 , 22 )
328	The shark lended a bat to Noah .	prim_to_subj_common	* shark ( 4 ) ; bat ( 9 ) ; Noah ( 16 ) ; lend ( 21 ) AND agent ( 21 , 4 ) AND theme ( 21 , 9 ) AND recipient ( 21 , 16 )
329	The shark painted the chicken beside the table .	prim_to_subj_common	* shark ( 4 ) ; * chicken ( 15 ) ; paint ( 23 ) AND agent ( 23 , 4 ) AND theme ( 23 , 15 ) AND recipient ( 23 , table ( 19 ) )
330	The shark collapsed a girl .	prim_to_subj_common	* shark ( 23 ) ; * girl ( 32 ) ; collapse ( 15 ) AND agent ( 15 , 23 ) AND theme ( 15 , 32 )
331	A shark painted a girl .	prim_to_subj_common	* shark ( 9 ) ; * girl ( 20 ) ; paint ( 15 ) AND agent ( 15 , 9 ) AND theme ( 15 , 20 )
332	The shark froze the boy on a table .	prim_to_subj_common	* shark ( 4 ) ; * boy ( 11 ) ; table ( 19 ) ; freeze ( 33 ) AND agent ( 33 , 4 ) AND recipient ( 33 , 11 ) AND theme ( 33 , 19 )
333	The shark dusted Michael .	prim_to_subj_common	* shark ( 17 ) ; Michael ( 20 ) ; dust ( 34 ) AND agent ( 34 , 17 ) AND recipient ( 34 , 20 )
334	Liam said that a shark preferred to sleep .	prim_to_subj_common	* Liam ( 9 ) ; shark ( 20 ) ; sleep ( 32 ) ; prefer ( 27 ) AND agent ( 27 , 20 ) AND theme ( 27 , 32 ) AND agent ( 9 , 27 )
335	The shark wished to eat .	prim_to_subj_common	* shark ( 14 ) ; eat ( 32 ) AND agent ( 32 , 14 )
336	The girl thought that the shark liked a cake .	prim_to_subj_common	* girl ( 4 ) ; shark ( 18 ) ; cake ( 34 ) ; think ( 15 ) AND agent ( 15 , 4 ) AND recipient ( 15 , 18 ) AND theme ( 18 , 34 )
337	The shark froze a cake in a house .	prim_to_subj_common	* shark ( 4 ) ; * cake ( 10 ) ; * house ( 16 ) ; freeze ( 20 ) AND agent ( 20 , 4 ) AND theme ( 20 , 10 ) AND recipient ( 20 , 16 )
338	The shark offered a cake to Liam .	prim_to_subj_common	* shark ( 4 ) ; Liam ( 17 ) ; cake ( 9 ) ; offer ( 22 ) AND agent ( 22 , 4 ) AND theme ( 22 , 9 ) AND recipient ( 22 , 17 )
339	The shark intended to giggle .	prim_to_subj_common	* shark ( 11 ) ; intend ( 22 ) AND agent ( 22 , 11 ) AND theme ( 22 , giggle ( 33 ) )
340	Paula rolled a brick .	prim_to_subj_proper	Paula ( 12 ) ; * brick ( 24 ) ; roll ( 31 ) AND agent ( 31 , 12 ) AND theme ( 31 , 24 )
341	Paula dusted Lucas .	prim_to_subj_proper	Paula ( 29 ) ; Lucas ( 30 ) ; dust ( 19 ) AND agent ( 19 , 29 ) AND theme ( 19 , 30 )
342	Paula gave a cat the cake on the speaker .	prim_to_subj_proper	* Paula ( 15 ) ; * cat ( 23 ) ; cake ( 30 ) ; speaker ( 37 ) ; give ( 40 ) AND agent ( 40 , 15 ) AND recipient ( 40 , 23 ) AND theme ( 40 , 30 ) AND location ( 40 , 37 )
343	Paula gave Emma a cake on the TV .	prim_to_subj_proper	Paula ( 4 ) ; Emma ( 9 ) ; cake ( 20 ) ; TV ( 29 ) ; give ( 14 ) AND agent ( 14 , 4 ) AND theme ( 14 , 20 ) AND recipient ( 14 , 9 ) AND location ( 14 , 29 )
344	Paula liked the drink in the house .	prim_to_subj_proper	* Paula ( 10 ) ; drink ( 19 ) ; house ( 26 ) ; like ( 38 ) AND agent ( 38 , 10 ) AND theme ( 38 , 19 ) AND recipient ( 38 , 26 )
345	Paula rolled Ethan .	prim_to_subj_proper	* Paula ( 14 ) ; * Ethan ( 21 ) ; roll ( 35 ) AND agent ( 35 , 14 ) AND theme ( 35 , 21 )
346	Paula liked the cookie .	prim_to_subj_proper	* Paula ( 12 ) ; cookie ( 22 ) ; like ( 33 ) AND agent ( 33 , 12 ) AND theme ( 33 , 22 )
347	Paula lended a boy the cake beside the chair .	prim_to_subj_proper	Paula ( 6 ) ; * boy ( 12 ) ; cake ( 22 ) ; chair ( 29 ) ; lend ( 42 ) AND agent ( 42 , 6 ) AND recipient ( 42 , 12 ) AND theme ( 42 , 22 ) AND location ( 22, 29 )
348	Paula rolled the knife .	prim_to_subj_proper	* Paula ( 23 ) ; knife ( 31 ) ; roll ( 11 ) AND agent ( 11 , 23 ) AND theme ( 11 , 31 )
349	Paula brought the donut to the duck .	prim_to_subj_proper	Paula ( 3 ) ; donut ( 27 ) ; duck ( 40 ) ; bring ( 19 ) AND agent ( 19 , 3 ) AND theme ( 19 , 27 ) AND recipient ( 19 , 40 )
350	Paula helped a girl beside the table .	prim_to_subj_proper	Paula ( 20 ) ; * girl ( 35 ) ; help ( 45 ) AND agent ( 45 , 20 ) AND recipient ( 45 , 35 ) AND theme ( 45 , location-beside-the-table )
351	Paula mailed Liam the newspaper .	prim_to_subj_proper	Paula ( 10 ) ; Liam ( 24 ) ; newspaper ( 29 ) ; mail ( 43 ) AND agent ( 43 , 10 ) AND theme ( 43 , 29 ) AND recipient ( 43 , 24 )
352	Paula gave a cake on a table to Emma .	prim_to_subj_proper	* Paula ( 14 ) ; * cake ( 22 ) ; table ( 33 ) ; * Emma ( 43 ) ; give ( 56 ) AND agent ( 56 , 14 ) AND theme ( 56 , 22 ) AND recipient ( 56 , 33 ) AND recipient ( 56 , 43 )
353	Paula wanted to paint .	prim_to_subj_proper	Paula ( 6 ) ; paint ( 27 ) AND agent ( 27 , 6 )
354	Paula lended a donut on a gravel to the girl .	prim_to_subj_proper	* Paula ( 14 ) ; donut ( 19 ) ; gravel ( 25 ) ; girl ( 32 ) ; lend ( 42 ) AND agent ( 42 , 14 ) AND theme ( 42 , 19 ) AND recipient ( 42 , 32 ) AND location ( 42 , 25 )
355	Paula helped a glue in the garden .	prim_to_subj_proper	Paula ( 7 ) ; glue ( 23 ) ; help ( 34 ) AND agent ( 34 , 7 ) AND theme ( 34 , 23 )
356	Paula rolled a boy .	prim_to_subj_proper	Paula ( 19 ) ; * boy ( 26 ) ; roll ( 34 ) AND agent ( 34 , 19 ) AND theme ( 34 , 26 )
357	Paula gave a patient the donut in the barrel .	prim_to_subj_proper	* Paula ( 14 ) ; * patient ( 8 ) ; * donut ( 26 ) ; * barrel ( 34 ) ; give ( 52 ) AND agent ( 52 , 14 ) AND theme ( 52 , 26 ) AND recipient ( 52 , 8 ) AND locative ( 52 , 34 )
358	Paula froze the crayon on the pad .	prim_to_subj_proper	Paula ( 27 ) ; crayon ( 15 ) ; pad ( 33 ) ; freeze ( 51 ) AND agent ( 51 , 27 ) AND theme ( 51 , 15 ) AND recipient ( 51 , 33 )
359	Paula lended the donut to a girl .	prim_to_subj_proper	Paula ( 5 ) ; donut ( 17 ) ; girl ( 21 ) ; lend ( 13 ) AND agent ( 13 , 5 ) AND theme ( 13 , 17 ) AND recipient ( 13 , 21 )
360	Abigail gave the hedgehog to the frog .	subj_to_obj_common	Abigail ( 12 ) ; hedgehog ( 22 ) ; frog ( 33 ) ; give ( 19 ) AND agent ( 19 , 12 ) AND theme ( 19 , 22 ) AND recipient ( 19 , 33 )
361	A dog liked the hedgehog beside the seat .	subj_to_obj_common	dog ( 2 ) ; hedgehog ( 14 ) ; like ( 25 ) AND agent ( 25 , 2 ) AND theme ( 25 , 14 ) AND recipient ( 25 , seat ( 21 ) )
362	Isabella crumpled the hedgehog .	subj_to_obj_common	* Isabella ( 12 ) ; hedgehog ( 23 ) ; crumple ( 34 ) AND agent ( 34 , 12 ) AND theme ( 34 , 23 )
363	The girl found the hedgehog on a table .	subj_to_obj_common	* girl ( 4 ) ; * hedgehog ( 11 ) ; table ( 23 ) ; find ( 7 ) AND agent ( 7 , 4 ) AND theme ( 7 , 11 ) AND recipient ( 7 , 23 )
364	The guest handed the hedgehog in the vehicle to a lion .	subj_to_obj_common	* guest ( 4 ) ; * hedgehog ( 14 ) ; * vehicle ( 22 ) ; * lion ( 30 ) ; hand ( 8 ) AND agent ( 8 , 4 ) AND theme ( 8 , 14 ) AND recipient ( 8 , 30 ) AND in ( 14 , 22 )
365	Emma crumpled a hedgehog on the stage .	subj_to_obj_common	Emma ( 3 ) ; * hedgehog ( 21 ) ; stage ( 28 ) ; crumple ( 36 ) AND theme ( 36 , 21 ) AND agent ( 36 , 3 ) AND recipient ( 36 , 28 )
366	Liam gave Emma the hedgehog beside the road in the bag .	subj_to_obj_common	Liam ( 9 ) ; Emma ( 16 ) ; hedgehog ( 31 ) ; road ( 40 ) ; bag ( 49 ) ; give ( 22 ) AND agent ( 22 , 9 ) AND theme ( 22 , 31 ) AND recipient ( 22 , 16 ) AND location ( 22 , 40 ) AND source ( 22 , 49 )
367	A girl snapped a hedgehog on a tree beside the table .	subj_to_obj_common	* girl ( 9 ) ; * hedgehog ( 19 ) ; * tree ( 27 ) ; table ( 31 ) ; snap ( 47 ) AND agent ( 47 , 9 ) AND theme ( 47 , 19 ) AND recipient ( 47 , 27 ) AND beside ( 27 , 31 )
368	Benjamin floated the hedgehog in a room .	subj_to_obj_common	Benjamin ( 1 ) ; hedgehog ( 16 ) ; room ( 23 ) ; float ( 8 ) AND agent ( 8 , 1 ) AND theme ( 8 , 16 ) AND recipient ( 8 , 23 )
369	Emma rolled a hedgehog on the notebook .	subj_to_obj_common	Emma ( 4 ) ; hedgehog ( 16 ) ; notebook ( 28 ) ; roll ( 22 ) AND agent ( 22 , 4 ) AND theme ( 22 , 16 ) AND recipient ( 22 , 28 )
370	The frog shortened the hedgehog in a box .	subj_to_obj_common	* frog ( 4 ) ; * hedgehog ( 20 ) ; shorten ( 9 ) AND agent ( 9 , 4 ) AND theme ( 9 , 20 ) AND recipient ( 9 , 34 )
371	Emma gave a bunny a hedgehog .	subj_to_obj_common	Emma ( 5 ) ; bunny ( 18 ) ; hedgehog ( 29 ) ; give ( 15 ) AND agent ( 15 , 5 ) AND theme ( 15 , 18 ) AND recipient ( 15 , 29 )
372	Isabella poked the hedgehog beside the table .	subj_to_obj_common	Isabella ( 13 ) ; hedgehog ( 25 ) ; poke ( 34 ) AND agent ( 34 , 13 ) AND theme ( 34 , 25 ) AND beside ( 34 , table )
373	The boy liked that Alexander brought a monster a hedgehog .	subj_to_obj_common	* boy ( 4 ) ; Alexander ( 13 ) ; monster ( 24 ) ; hedgehog ( 30 ) ; like ( 42 ) AND agent ( 42 , 4 ) AND theme ( 42 , 24 ) AND recipient ( 13 , 24 ) AND recipient ( 42 , 30 )
374	A doctor lended a hedgehog beside a cup to a hero .	subj_to_obj_common	* doctor ( 2 ) ; hedgehog ( 8 ) ; cup ( 14 ) ; hero ( 20 ) ; lend ( 30 ) AND agent ( 30 , 2 ) AND theme ( 30 , 8 ) AND recipient ( 30 , 14 , 20 )
375	A child shortened the hedgehog in a room .	subj_to_obj_common	* child ( 2 ) ; * hedgehog ( 9 ) ; room ( 21 ) ; shorten ( 46 ) AND agent ( 46 , 2 ) AND theme ( 46 , 9 ) AND recipient ( 46 , 21 )
376	Emma declared that a cat gave the hedgehog to a girl .	subj_to_obj_common	Emma ( 29 ) ; cat ( 11 ) ; hedgehog ( 18 ) ; girl ( 25 ) ; give ( 40 ) AND agent ( 40 , 11 ) AND theme ( 40 , 18 ) AND recipient ( 40 , 25 ) AND declare ( 4 ) AND theme ( 4 , 40 )
377	Emma ate a hedgehog .	subj_to_obj_common	Emma ( 19 ) ; hedgehog ( 25 ) ; eat ( 34 ) AND agent ( 34 , 19 ) AND theme ( 34 , 25 )
378	The customer supported that a boy proved that the girl gave a hedgehog to a mouse .	subj_to_obj_common	* customer ( 4 ) ; * boy ( 26 ) ; * girl ( 38 ) ; * hedgehog ( 47 ) ; * mouse ( 53 ) ; support ( 10 ) AND theme ( 10 , 26 ) AND agent ( 10 , 4 ) AND prove ( 20 ) AND theme ( 20 , 26 ) AND agent ( 20 , 38 ) AND give ( 30 ) AND theme ( 30 , 47 ) AND recipient ( 30 , 53 ) AND agent ( 30 , 38 )
379	Emma stabbed a hedgehog .	subj_to_obj_common	Emma ( 29 ) ; * hedgehog ( 25 ) ; stab ( 12 ) AND agent ( 12 , 29 ) AND theme ( 12 , 25 )
380	William rolled Lina .	subj_to_obj_proper	William ( 12 ) ; Lina ( 23 ) ; roll ( 34 ) AND agent ( 34 , 12 ) AND theme ( 34 , 23 )
381	Addison handed Lina to Emma .	subj_to_obj_proper	Addison ( 10 ) ; Lina ( 17 ) ; Emma ( 30 ) ; hand ( 25 ) AND agent ( 25 , 10 ) AND theme ( 25 , 17 ) AND recipient ( 25 , 30 )
382	The girl offered the horse Lina .	subj_to_obj_proper	* girl ( 4 ) ; * horse ( 12 ) ; Lina ( 19 ) ; offer ( 29 ) AND agent ( 29 , 4 ) AND theme ( 29 , 12 ) AND recipient ( 29 , 19 )
383	Emma cleaned Lina .	subj_to_obj_proper	Emma ( 10 ) ; Lina ( 21 ) ; clean ( 26 ) AND agent ( 26 , 10 ) AND theme ( 26 , 21 )
384	The boy gave the girl Lina .	subj_to_obj_proper	* boy ( 4 ) ; * girl ( 9 ) ; Lina ( 13 ) ; give ( 21 ) AND agent ( 21 , 4 ) AND theme ( 21 , 9 ) AND recipient ( 21 , 13 )
385	Logan gave the cat Lina .	subj_to_obj_proper	Logan ( 14 ) ; cat ( 27 ) ; Lina ( 37 ) ; give ( 22 ) AND agent ( 22 , 14 ) AND theme ( 22 , 27 ) AND recipient ( 22 , 37 )
386	A king liked that a chicken gave Emma Lina .	subj_to_obj_proper	king ( 2 ) ; chicken ( 12 ) ; Emma Lina ( 28 ) ; like ( 6 ) AND agent ( 6 , 2 ) AND theme ( 6 , 12 ) AND recipient ( 12 , 28 )
387	Daniel promised Ellie Lina .	subj_to_obj_proper	Daniel ( 34 ) ; promise ( 26 ) AND agent ( 26 , 34 ) AND recipient ( 26 , 35 ) AND recipient ( 26 , 36 )
388	The duck liked Lina .	subj_to_obj_proper	*duck (12) ; Lina (13) ; like (26) AND agent (26, 12) AND recipient (26, 13)
389	Caleb sold Ethan Lina .	subj_to_obj_proper	Caleb ( 2 ) ; Ethan ( 4 ) ; Lina ( 6 ) ; sell ( 14 ) AND agent ( 14 , 2 ) AND theme ( 14 , 4 ) AND recipient ( 14 , 6 )
390	Emma believed that Noah gave Liam Lina .	subj_to_obj_proper	Emma ( 49 ) ; Noah ( 28 ) ; Liam ( 34 ) ; Lina ( 42 ) ; believe ( 17 ) AND agent ( 17 , 49 ) AND theme ( 17 , 28 ) AND recipient ( 17 , 34 , 42 )
391	Emma passed Lina to a kitty .	subj_to_obj_proper	Emma ( 3 ) ; Lina ( 13 ) ; kitty ( 23 ) ; pass ( 18 ) AND agent ( 18 , 3 ) AND theme ( 18 , 13 ) AND recipient (18, 23)
392	The princess ate Lina .	subj_to_obj_proper	* princess ( 43 ) ; Lina ( 23 ) ; eat ( 16 ) AND agent ( 16 , 43 ) AND theme ( 16 , 23 )
393	Evelyn gave Lina to a journalist .	subj_to_obj_proper	Evelyn ( 20 ) ; Lina ( 28 ) ; journalist ( 32 ) ; give ( 42 ) AND agent ( 42 , 20 ) AND theme ( 42 , 28 ) AND recipient ( 42 , 32 )
394	Oliver dusted Lina .	subj_to_obj_proper	Oliver ( 20 ) ; Lina ( 31 ) ; dust ( 42 ) AND agent ( 42 , 20 ) AND theme ( 42 , 31 )
395	A giraffe mailed Lina to the girl .	subj_to_obj_proper	giraffe ( 9 ) ; Lina ( 28 ) ; girl ( 33 ) ; mail ( 16 ) AND agent ( 16 , 9 ) AND recipient ( 16 , 33 ) AND theme ( 16 , 28 )
396	Elijah grew Lina .	subj_to_obj_proper	Elijah ( 11 ) ; Lina ( 12 ) ; grow ( 23 ) AND agent ( 23 , 11 ) AND theme ( 23 , 12 )
397	The bear painted Lina .	subj_to_obj_proper	* bear ( 5 ) ; Lina ( 9 ) ; paint ( 17 ) AND agent ( 17 , 5 ) AND theme ( 17 , 9 )
398	A butterfly rolled Lina .	subj_to_obj_proper	butterfly ( 21 ) ; Lina ( 34 ) ; roll ( 41 ) AND agent ( 41 , 21 ) AND recipient ( 41 , 34 )
399	A scientist gave Penelope Lina .	subj_to_obj_proper	scientist ( 16 ) ; Penelope ( 28 ) ; Lina ( 34 ) ; give ( 43 ) AND theme ( 43 , 34 ) AND recipient ( 43 , 28 ) AND agent ( 43 , 16 )
400	A boy shattered the block on a tree .	unacc_to_transitive	* block ( 23 ) ; * boy ( 41 ) ; * tree ( 35 ) ; shatter ( 57 ) AND agent ( 57 , 41 ) AND theme ( 57 , 23 ) AND recipient ( 57 , 35 )
401	Liam shattered the cake beside a table .	unacc_to_transitive	* Liam ( 6 ) ; cake ( 18 ) ; table ( 34 ) ; shatter ( 27 ) AND agent ( 27 , 6 ) AND theme ( 27 , 18 ) AND recipient ( 27 , 34 ) AND beside ( 18 , 34 )
402	A girl shattered a block .	unacc_to_transitive	* girl ( 36 ) ; block ( 20 ) ; shatter ( 43 ) AND agent ( 43 , 36 ) AND theme ( 43 , 20 )
403	Harper shattered a ball in a house .	unacc_to_transitive	Harper ( 1 ) ; * ball ( 15 ) ; * house ( 26 ) ; shatter ( 38 ) AND agent ( 38 , 1 ) AND theme ( 38 , 15 ) AND location ( 38 , 26 )
404	The girl shattered a donut .	unacc_to_transitive	* girl ( 28 ) ; donut ( 21 ) ; shatter ( 42 ) AND agent ( 42 , 28 ) AND theme ( 42 , 21 )
405	A professor shattered Emily .	unacc_to_transitive	professor ( 7 ) ; Emily ( 20 ) ; shatter ( 18 ) AND agent ( 18 , 7 ) AND recipient ( 18 , 20 )
406	The child shattered Olivia .	unacc_to_transitive	* child ( 17 ) ; Olivia ( 25 ) ; shatter ( 31 ) AND agent ( 31 , 17 ) AND theme ( 31 , 25 )
407	Alexander shattered the researcher on a mattress .	unacc_to_transitive	* Alexander ( 11 ) ; * researcher ( 19 ) ; * mattress ( 25 ) ; shatter ( 31 ) AND agent ( 31 , 11 ) AND theme ( 31 , 19 ) AND recipient ( 31 , 25 )
408	William supported that Grace shattered the cookie on the table .	unacc_to_transitive	William ( 3 ) ; Grace ( 9 ) ; cookie ( 23 ) ; table ( 34 ) ; support ( 16 ) AND agent ( 16 , 3 ) AND recipient ( 16 , 9 ) AND theme ( 9 , 23 ) AND recipient ( 23 , 34 )
409	The cat shattered a shell in the storage .	unacc_to_transitive	* cat ( 4 ) ; * shell ( 14 ) ; storage ( 23 ) ; shatter ( 33 ) AND agent ( 33 , 4 ) AND theme ( 33 , 14 ) AND recipient ( 33 , 23 )
410	Liam shattered the girl .	unacc_to_transitive	Liam ( 3 ) ; * girl ( 8 ) ; shatter ( 17 ) AND agent ( 17 , 3 ) AND theme ( 17 , 8 )
411	Carter shattered the cat on the desk .	unacc_to_transitive	* Carter ( 15 ) ; *cat ( 23 ) ; *desk ( 33 ) ; shatter ( 65 ) AND agent ( 65 , 15 ) AND theme ( 65 , 23 ) AND recipient ( 65 , 33 )
412	Emma shattered a baby .	unacc_to_transitive	Emma ( 14 ) ; * baby ( 25 ) ; shatter ( 28 ) AND agent ( 28 , 14 ) AND theme ( 28 , 25 )
413	Emma thought that the farmer shattered William .	unacc_to_transitive	Emma ( 14 ) ; farmer ( 32 ) ; William ( 43 ) ; think ( 21 ) AND agent ( 21 , 14 ) AND theme ( 21 , farmer ( 32 ) AND shatter ( 32 , 43 ))
414	Emma shattered the donut .	unacc_to_transitive	Emma ( 12 ) ; * donut ( 21 ) ; shatter ( 30 ) AND agent ( 30 , 12 ) AND theme ( 30 , 21 )
415	Emma shattered the baby .	unacc_to_transitive	Emma ( 35 ) ; * baby ( 26 ) ; shatter ( 43 ) AND agent ( 43 , 35 ) AND theme ( 43 , 26 )
416	Lucas shattered a cake .	unacc_to_transitive	* Lucas ( 51 ) ; cake ( 29 ) ; shatter ( 64 ) AND agent ( 64 , 51 ) AND theme ( 64 , 29 )
417	The politician thought that the lion shattered a donut .	unacc_to_transitive	* politician ( 23 ) ; lion ( 45 ) ; donut ( 35 ) ; think ( 17 ) AND agent ( 17 , 23 ) AND theme ( 17 , 45 ) AND theme ( 17 , 35 ) AND shatter ( 32 ) AND agent ( 32 , 45 ) AND theme ( 32 , 35 )
418	A hero shattered a cake beside a table .	unacc_to_transitive	* hero ( 2 ) ; cake ( 8 ) ; table ( 19 ) ; shatter ( 47 ) AND agent ( 47 , 2 ) AND theme ( 47 , 8 ) AND recipient ( 47 , 19 )
419	Mia shattered the raisin on the box .	unacc_to_transitive	Mia ( 10 ) ; raisin ( 25 ) ; box ( 32 ) ; shatter ( 18 ) AND agent ( 18 , 10 ) AND theme ( 18 , 25 ) AND recipient ( 18 , 32 )
